"cas.number","chemName"
50293,"1,1'-(2,2,2-Trichloroethylidene)bis[4-chlorobenzene]"
51036,"5-[[2-(2-Butoxyethoxy)ethoxy]methyl]-6-propyl-1,3-benzodioxole"
52686,"P-(2,2,2-Trichloro-1-hydroxyethyl)phosphonic acid dimethyl ester"
52857,"O-[4[(Dimethylamino)sulfonyl]phenyl]O,O-dimethylester phosphorothioic acid"
54115,"3-[(2S)-1-Methyl-2-pyrrolidinyl]pyridine"
55389,"O,O-Dimethyl O-[3-methyl-4-(methylthio)phenyl]ester phosphorothioic acid"
56382,"Phosphorothioic acid, O,O-Diethyl-O-(4-nitrophenyl)ester"
57749,"1,2,4,5,6,7,8,8-Octachloro-2,3,3a,4,7,7a-hexahydro-4,7-methano-1H-indene"
58899,"(1alpha,2alpha,3beta,4alpha,5alpha,6beta)-1,2,3,4,5,6-Hexachlorocyclohexane"
60515,"O,O-Dimethyl S-[2-(methylamino)-2-oxoethyl]phosphorodithioic acid ester"
60571,"(1aR,2R,2aS,3S,6R,6aR,7S,7aS)-rel-3,4,5,6,9,9-Hexachloro-1a,2,2a,3,6,6a,7,7a-octahydro-2,7:3,6-dimethanonaphth[2,3-b]oxirene"
61314,"1-Naphthaleneacetic acid, Sodium salt"
61825,"1H-1,2,4-Triazol-3-amine"
62737,"Phosphoric acid 2,2-dichloroethenyl dimethyl ester"
63252,"1-Naphthalenol methylcarbamate"
65850,"Benzoic acid"
66819,"4-[(2R)-2-[(1S,3S,5S)-3,5-Dimethyl-2-oxocyclohexyl]-2-hydroxyethyl]-2,6-piperidinedione"
72208,"3,4,5,6,9,9-Hexachloro-1a,2,2a,3,6,6a,7,7a-octahydro-[2,7:3,6-dimethanonaphth[2,3-b]oxirene,[1a alpha,2 beta,2a beta,3 alpha,6 alpha,6a beta,7 beta,7a alpha]"
72435,"1,1'-(2,2,2-Trichloroethylidene)bis[4-methoxybenzene]"
72548,"1,1'-(2,2-Dichloroethylidene)bis[4-chlorobenzene]"
72560,"1,1'-(2,2-Dichloroethylidene)bis[4-ethylbenzene"
75605,"As,As-Dimethylarsinic acid"
75990,"2,2-Dichloropropanoic acid"
76062,"Trichloronitromethane"
76448,"1,4,5,6,7,8,8-Heptachloro-3a,4,7,7a-tetrahydro-4,7-methano-1H-indene"
76879,"Hydroxytriphenylstannane"
78342,"Delnav"
78579,"S-[(4,6-Diamino-1,3,5-triazin-2-yl)methyl]O,O-dimethyl ester phosphorodithioic acid"
82688,"1,2,3,4,5-Pentachloro-6-nitrobenzene"
83794,"[2R-(2-alpha, 6a-alpha, 12a-alpha)]-1,2,12,12a-Tetrahydro-8,9-dimethoxy-2-(1-methylethenyl)-[1]-benzopyrano[3,4-b]furo[2,3-h][1]benzopyran-6(6aH)-one"
86500,"O,O-Dimethyl S-[(4-oxo-1,2,3-benzotriazin-3(4H)-yl)methyl] ester, Phosphorodithioic acid"
86873,"1-Naphthaleneacetic acid"
87865,"2,3,4,5,6-Pentachlorophenol"
88857,"2-(1-Methylpropyl)-4,6-dinitrophenol"
93652,"2-(4-Chloro-2-methylphenoxy)propanoic acid"
93721,"2-(2,4,5-Trichlorophenoxy)propanoic acid"
93754,"1,3-Dithiolo[4,5-b]quinoxaline-2-thione"
94746,"2-(4-Chloro-2-methylphenoxy)acetic acid"
94757,"2-(2,4-Dichlorophenoxy)acetic acid"
98011,"2-Furancarboxaldehyde"
98500,"As-(4-Aminophenyl)arsonic acid"
99309,"2,6-Dichloro-4-nitrobenzenamine"
101213,"N-(3-Chlorophenyl)carbamic acid, 1-Methylethyl ester"
107493,"Tetraethyl ester diphosphoric acid"
112050,"Nonanoic acid"
114261,"2-(1-Methylethoxy)phenol, 1-(N-Methylcarbamate)"
115297,"6,7,8,9,10,10-Hexachloro-1,5,5a,6,9,9a-hexahydro-6,9-methano-2,4,3-benzodioxathiepin 3-oxide"
115322,"4-Chloro-alpha-(4-chlorophenyl)-alpha-(trichloromethyl)benzenemethanol"
115902,"Phosphorothioic acid, O,O-Diethyl O(4-methylsulfinyl)phenyl)ester"
116063,"2-Methyl-2-(methylthio)propanol O-[(methylamino)carbonyl]oxime"
117806,"2,3-Dichloro-1,4-naphthalenedione"
119380,"N,N-dimethylcarbamic acid 3-methyl-1-(1-methylethyl)-1H-pyrazol-5-yl ester"
119642,"1,2,3,4-Tetrahydronaphthalene"
121755,"2-[(Dimethoxyphosphinothioyl)thio]butanedioic acid 1,4-diethyl ester"
122101,"3-[(Dimethoxyphosphinyl)oxy]-2-pentenedioic acid, Dimethyl ester"
122145,"Phosphorothioic acid O,O-dimethyl O-(3-methyl-4-nitrophenyl)ester"
122349,"6-Chloro-N,N'-diethyl-1,3,5-triazine-2,4-diamine"
122429,"N-Phenylcarbamic acid, 1-Methylethyl ester"
123331,"1,2-Dihydro-3,6-pyridazinedione"
126750,"O,O-Diethyl S-[2-(ethylsulfanyl)ethyl] phosphorothioate"
131895,"2-Cyclohexyl-4,6-dinitrophenol"
132672,"2-[(1-Naphthalenylamino)carbonyl]benzoic acid sodium salt (1:1)"
133062,"3a,4,7,7a-Tetrahydro-2-[(trichloromethyl)thio]-1H-isoindole-1,3-(2H)-dione"
133073,"2-[(Trichloromethyl)thio]-1H-isoindole-1,3(2H)dione"
134203,"2-Aminobenzoic acid, Methyl ester"
137268,"N,N,N',N'-Tetramethylthioperoxydicarbonic diamide ([(H2N)C(S)]2S2)"
137304,"(T-4)-Bis(dimethylcarbamodithioato-kappaS,kappaS')zinc"
139402,"6-Chloro-N2,N4-bis(1-methylethyl)-1,3,5-triazine-2,4-diamine"
141662,"Phosphoric acid, (1E)-3-(Dimethylamino)-1-methyl-3-oxo-1-propen-1-yl dimethyl ester"
142596,"N,N'-1,2-Ethanediylbiscarbamodithioic acid, Sodium salt (1:2)"
143500,"1,1a,3,3a,4,5,5,5a,5b,6-Decachlorooctahydro-1,3,4-metheno-2H-cyclobuta[cd]pentalen-2-one"
144218,"Methylarsonic acid, Disodium salt"
148798,"2-(4-Thiazolyl)-1H-benzimidazole"
150685,"N'-(4-chlorophenyl)-N,N-dimethylurea"
297972,"Phosphorothioic acid, O,O-Diethyl O-2-pyrazinyl ester"
298000,"O,O-Dimethyl O-(4-nitrophenyl) ester phosphorothioic acid"
298022,"O,O-Diethyl S-[(ethylthio)methyl])ester, Phosphorodithioic acid"
298044,"Phosphorodithioic acid, O,O-Diethyl-S-[2-(ethylthio)ethyl] ester"
299843,"Phosphorothioic acid, O,O-Dimethyl O-(2,4,5-trichlorophenyl)ester"
300765,"Phosphoric acid 1,2-dibromo-2,2-dichloroethyl dimethyl ester"
301122,"Phosphorothioic acid, S-[2-(Ethylsulfinyl)ethyl] O,O-dimethyl ester"
309002,"(1R,4S,4aS,5S,8R,8aR)-rel-1,2,3,4,10,10-Hexachloro-1,4,4a,5,8,8a-hexahydro-1,4:5,8-dimethanonaphthalene"
314409,"5-Bromo-6-methyl-3-(1-methylpropyl)-2,4(1H,3H)-pyrimidinedione"
315184,"4-(Dimethylamino)-3,5-dimethylphenol, Methylcarbamate(ester)"
327980,"O-Ethyl O-(2,4,5-trichlorophenyl)ester ethylphosphonothioic acid"
330541,"N'-(3,4-Dichlorophenyl)-N,N-dimethylurea"
330552,"N'-(3,4-Dichlorophenyl)-N-methoxy-N-methylurea"
333415,"O,O-Diethyl O-[6-methyl-2-(1-methylethyl)-4-pyrimidinyl] ester phosphorothioic acid"
420042,"Cyanamide"
485314,"3-Methyl-2-butenoic acid 2-(1-methylpropyl)-4,6-dinitrophenyl ester"
510156,"4-Chloro-alpha-(4-chlorophenyl)-alpha-hydroxybenzeneacetic acid ethyl ester"
563122,"Phosphorodithioic acid, S,S'-Methylene O,O,O',O'-tetraethyl ester"
584792,"2,2-Dimethyl-3-(2-methyl-1-propenyl)cyclopropanecarboxylic acid 2-methyl-4-oxo-3-(2-propenyl)-2-cyclopenten-1-yl ester"
608731,"1,2,3,4,5,6-Hexachlorocyclohexane"
624920,"Dimethyl disulfide"
639587,"Chlorotriphenylstannane"
644644,"Dimetilan"
709988,"N-(3,4-Dichlorophenyl)propanamide"
732116,"S-[(1,3-Dihydro-1,3-dioxo-2H-isoindol-2-yl)methyl]O,O-dimethyl ester, Phosphorodithioic acid"
741582,"Phosphorodithioic acid, O,O-Bis(1-methylethyl) S-[2-[(phenylsulfonyl)amino]ethyl] ester"
759944,"N,N-dipropylcarbamothioic acid S-ethyl ester"
786196,"Carbofenthion"
834128,"N2-Ethyl-N4-(1-methylethyl)-6-(methylthio)-1,3,5-triazine-2,4-diamine"
886500,"N2-(1,1-Dimethylethyl)-N4-ethyl-6-(methylthio)-1,3,5-triazine-2,4-diamine"
947024,"1,3-Dithiolan-2-ylidenephosphoramidic acid diethyl ester"
950107,"N-(4-Methyl-1,3-dithiolan-2-ylidene)phosphoramidic acid diethyl ester"
950378,"Phosphorodithioic acid S-[(5-methoxy-2-oxo-1,3,4-thiadiazol-3(2H)yl)methyl] O,O-dimethyl ester"
953173,"Methyl trithion"
959988,"(3alpha,5abeta,6alpha,9alpha,9abeta)-6,7,8,9,10,10-Hexachloro-1,5,5a,6,9,9a-hexahydro-6,9-Methano-2,4,3-benzodioxathiepin 3-oxide"
973217,"Carbonic acid 1-methylethyl 2-(1-methylpropyl)-4,6-dinitrophenyl ester"
999815,"2-Chloro-N,N,N-trimethylethanaminium chloride (1:1)"
1071836,"N-(Phosphonomethyl)glycine"
1079330,"Benzo[b]thiophene-4-ol, 4-(N-methylcarbamate)"
1134232,"Cyclohexylethylcarbamothioic acid S-ethyl ester"
1194656,"2,6-Dichlorobenzonitrile"
1214397,"N-(Phenylmethyl)-1H-purin-6-amine"
1317391,"Copper oxide (Cu2O)"
1344816,"Calcium sulfide (Ca(Sx))"
1403663,"Gentamicin"
1563662,"2,3-Dihydro-2,2-dimethyl-7-benzofuranol 7-(N-methylcarbamate)"
1582098,"2,6-Dinitro-N,N-dipropyl-4-(trifluoromethyl)benzenamine"
1610180,"6-Methoxy-N2,N4-bis(1-methylethyl)-1,3,5-triazine-2,4-diamine"
1689845,"3,5-Dibromo-4-hydroxybenzonitrile"
1689992,"Octanoic acid, 2,6-Dibromo-4-cyanophenyl ester"
1698608,"5-Amino-4-chloro-2-phenyl-3(2H)-pyridazinone"
1702176,"3,6-Dichloro-2-pyridinecarboxylic acid"
1757182,"Akton"
1836755,"2,4-Dichloro-1-(4-nitrophenoxy)benzene"
1861401,"N-Butyl-N-ethyl-2,6-dinitro-4-(trifluoromethyl)benzenamine"
1897456,"2,4,5,6-Tetrachloro-1,3-benzenedicarbonitrile"
1910425,"1,1'-Dimethyl-4,4'-bipyridinium chloride (1:2)"
1912249,"6-Chloro-N-ethyl-N'-(1-methylethyl)-1,3,5-triazine-2,4-diamine"
1918009,"3,6-Dichloro-2-methyoxybenzoic acid"
1918021,"4-Amino-3,5,6-trichloro-2-pyridinecarboxylic acid"
1918167,"2-Chloro-N-(1-methylethyl)-N-phenylacetamide"
1928434,"2-(2,4-Dichlorophenoxy)acetic acid, 2-Ethylhexyl ester"
1929824,"2-Chloro-6-(trichloromethyl)pyridine"
1982496,"N-(2-Methylcyclohexyl)-N'-phenylurea"
2008415,"N,N-Bis(2-methylpropyl)carbamothioic acid S-ethyl ester"
2032599,"4-(Dimethylamino)-3-methylphenol, Methylcarbamate (ester)"
2032657,"3,5-Dimethyl-4-(methylthio)phenol, Methylcarbamate"
2039465,"2-(4-Chloro-2-methylphenoxy)acetic acid compd. with N-methylmethanamine (1:1)"
2104645,"P-Phenylphosphonothioic acid O-ethyl O-(4-nitrophenyl) ester"
2163806,"Methylarsonic acid, Monosodium salt"
2164172,"N,N-Dimethyl-N'-[3-(trifluoromethyl)phenyl]urea"
2212671,"Hexahydro-1H-azepine-1-carbothioic acid, S-Ethyl ester"
2303175,"N,N-Bis(1-methylethyl)carbamothioic acid, S-(2,3,3-trichloro-2-propen-1-yl) ester"
2310170,"S-[(6-Chloro-2-oxo-3(2H)-benzoxazolyl)methyl]O,O-diethyl ester phosphorodithioic acid"
2312358,"2-[4-(1,1-Dimethylethyl)phenoxy]cyclohexyl 2-propynyl ester sulfurous acid"
2385855,"1,1a,2,2,3,3a,4,5,5,5a,5b,6-Dodecachlorooctahydro-1,3,4-metheno-1H-cyclobuta[cd]pentalene"
2439012,"6-Methyl-1,3-dithiolo[4,5-b]quinoxalin-2-one"
2439103,"N-Dodecylguanidine acetate (1:1)"
2536314,"2-Chloro-9-hydroxy-9H-fluorene-9-carboxylic acid, Methyl ester"
2545600,"4-Amino-3,5,6-trichloro-2-pyridinecarboxylic acid, Potassium salt (1:1)"
2593159,"5-Ethoxy-3-(trichloromethyl)-1,2,4-thiadiazole"
2597037,"alpha-[(Dimethoxyphosphinothioyl)thio] benzeneacetic acid, Ethyl ester"
2631370,"3-methyl-5-(1-methylethyl)phenol 1-(N-methylcarbamate)"
2631405,"2-(1-Methylethyl)phenol 1-(N-methylcarbamate)"
2642719,"Phosphorodithioic acid O,O-diethyl S-[(4-oxo-1,2,3-benzotriazin-3(4H)-yl)methyl] ester"
2669321,"S-[(5-Ethoxy-2-oxo-1,3,4-thiadiazol-3(2H)-yl)methyl] O,O-dimethyl phosphorodithioate"
2702729,"2-(2,4-Dichlorophenoxy)acetic acid sodium salt (1:1)"
2758421,"4-(2,4-Dichlorophenoxy)butanoic acid compd. with N-methylmethanamine (1:1)"
2921882,"Phosphorothioic acid, O,O-Diethyl O-(3,5,6-trichloro-2-pyridinyl) ester"
3244904,"Thiodiphosphoric acid, Tetrapropyl ester"
3254635,"Dimethyl 4-(methylsulfanyl)phenyl phosphate"
3383968,"O,O'-(Thiodi-4,1-phenylene) O,O,O',O'-tetramethyl ester phosphorothioic acid"
3547339,"2-(Octylsulfanyl)ethan-1-ol"
3572063,"4-[4-(Acetyloxy)phenyl]-2-butanone"
4301502,"2-Fluoroethyl ([1,1'-biphenyl]-4-yl)acetate"
4685147,"1,1'-Dimethyl-4,4'-bipyridinium"
5234684,"5,6-Dihydro-2-methyl-N-phenyl-1,4-oxathiin-3-carboxamide"
5598130,"O,O-Dimethyl O-(3,5,6-trichloro-2-pyridinyl) ester phosphorothioic acid"
5902512,"5-Chloro-3-(1,1-dimethylethyl)-6-methyl-2,4(1H,3H)-pyrimidinedione"
6062266,"4-(4-Chloro-2-methylphenoxy)butanoic acid sodium salt (1:1)"
6923224,"Phosphoric acid dimethyl (1E)-1-methyl-3-(methylamino)-3-oxo-1-propen-1-yl ester"
6980183,"3-O-[2-Amino-4-[(carboxyiminomethyl)amino]-2,3,4,6-tetradeoxy-alpha-D-arabino-hexopyranosyl]-D-chiro-inositol"
6988212,"2-(1,3-Dioxolan-2-yl)phenol 1-(N-methylcarbamate)"
7287196,"N2,N4-Bis(1-methylethyl)-6-(methylthio)-1,3,5-triazine-2,4-diamine"
7632000,"Nitrous acid, Sodium salt"
7700176,"(2E)-3-[(Dimethoxyphosphinyl)oxy]-2-butenoic acid 1-phenylethyl ester"
7704349,"Sulfur"
7775099,"Chloric acid, Sodium salt (1:1)"
7778441,"Arsenic acid, Calcium salt (2:3)"
7786347,"3-[(Dimethoxyphosphinyl)oxy]-2-butenoic acid, Methyl ester"
8001352,"Toxaphene"
8003347,"Pyrethrins and Pyrethroids"
8012699,"Copper chloride hydroxide (Cu2Cl(OH)3) mixt. with copper hydroxide sulfate (Cu4(OH)6(SO4))"
8012951,"Paraffin oils"
8027007,"1,1'-(2-Nitrobutylidene)bis(4-chlorobenzene), Mixt. with 1,1'-(2-Nitropropylidene)bis(4-chlorobenzene)"
8029296,"Bandane"
8046740,"Fatty acids, potassium salts"
8051023,"Veratrine"
8065369,"3-(1-Ethylpropyl)phenol, 1-(N-Methylcarbamate) mixt. with 3-(1-Methylbutyl)phenyl N-methylcarbamate"
8065483,"Phosphorothioic acid, O,O-Diethyl O-[2-(ethylthio)ethyl] ester mixt. with O,O-diethyl S-[2-(ethylthio)ethyl] phosphorothioate"
9006422,"Metiram"
10004441,"5-Methyl-3(2H)-isoxazolone"
10028225,"Sulfuric acid, Iron(3+) salt (3:2)"
10124659,"Potassium dodecanoate"
10265926,"Phosphoramidothioic acid, O,S-Dimethyl ester"
10311849,"S-[2-Chloro-1-(1,3-dihydro-1,3-dioxo-2H-isoindol-2-yl)ethyl], O,O-diethyl ester phosphorodithioic acid"
10453868,"2,2-Dimethyl-3-(2-methyl-1-propen-1-yl)cyclopropanecarboxylic acid [5-(phenylmethyl)-3-furanyl]methyl ester"
10605217,"N-1H-Benzimidazol-2-yl carbamic acid methyl ester"
11141176,"2aR,3S,4S,4aR,5S,7aS,8S,10R,10aS,10bR)-10-(Acetyloxy)octahydro-3,5-dihydroxy-4-methyl-8-[[(2E)-2-methyl-1-oxo-2-buten-1-yl]oxy]-4-[(1aR,2S,3aS,6aS,7S,7aS)-3a,6a,7,7a-tetrahydro-6a-hydroxy-7a-methyl-2,7-methanofuro[2,3-b]oxireno[e]oxepin-1a(2H)-yl]-1H,7H-naptho[1,8-bc:4,4a-c']difuran-5,10a(8H)-dicarboxylic acid 5-10a-dimethyl ester"
12427382,"[[2-[(Dithiocarboxy)amino]ethyl]carbamodithioato(2-)-kappaS,kappaS']manganese"
12771685,"alpha-Cyclopropyl-alpha-(4-methoxyphenyl)-5-pyrimidinemethanol"
13071799,"Phosphorodithioic acid S-[[(1,1-dimethylethyl)thio]O,O-diethylmethyl]ester"
13121705,"Tricyclohexylhydroxystannane"
13171216,"Phosphoric acid, 2-Chloro-3-(diethylamino)-1-methyl-3-oxo-1-propen-1-yl dimethyl ester"
13194484,"Phosphorodithioic acid O-ethyl S,S-dipropyl ester"
13356086,"1,1,1,3,3,3-Hexakis(2-methyl-2-phenylpropyl)distannoxane"
13457186,"2-[(Diethoxyphosphinothionyl)oxy]-5-methylpyrazolo[1,5-a]pyrimidine-6-carboxylic acid ethyl ester"
13684565,"N-[3-[[(Phenylamino)carbonyl]oxy]phenyl]carbamic acid, Ethyl ester"
13684634,"(3-Methylphenyl)carbamic acid 3-[(methoxycarbonyl)amino]phenyl ester"
14816183,"4-Ethoxy-7-phenyl-3,5-dioxa-6-aza-4-phosphaoct-6-ene-8-nitrile 4-sulfide"
15096523,"Cryolite (Na3(AlF6))"
15165670,"(2R)-2-(2,4-Dichlorophenoxy)propanoic acid"
15972608,"2-Chloro-N-(2,6-diethylphenyl)-N-(methoxymethyl)acetamide"
16484778,"(2R)-2-(4-Chloro-2-methylphenoxy)propanoic acid"
16672870,"(2-Chloroethyl)phosphonic acid"
16752775,"N-[[(Methylamino)carbonyl]oxy]ethanimidothioic acid methyl ester"
17375416,"Sulfuric acid, Iron(2+) salt(1:1), Monohydrate"
17781316,"alpha, alpha-bis(4-Chlorophenyl)-3-pyridinemethanol"
17804352,"N-[1-[(Butylamino)carbonyl]-1H-benzimidazol-2-yl]carbamic acid, Methyl ester"
18181709,"Phosphorothioic acid, O-(2,5-Dichloro-4-iodophenyl) O,O-dimethyl ester"
19666309,"3-[2,4-Dichloro-5-(1-methylethoxy)phenyl]-5-(1,1-dimethylethyl)-1,3,4-oxadiazol-2(3H)-one"
21609905,"p-Phenylphosphonothioic acid, O-(4-Bromo-2,5-dichlorophenyl) O-methyl ester"
22224926,"(1-Methylethyl)phosphoramidic acid ethyl-3-methyl-4-(methylthio)phenyl ester"
22248799,"Phosphoric acid (1Z)-2-chloro-1-(2,4,5-trichlorophenyl)ethenyl dimethyl ester"
22259309,"N,N-Dimethyl-N'-[3-[[(methylamino)carbonyl]oxy]phenyl]methanimidamide"
22781233,"2,2-Dimethyl-1,3-benzodioxol-4-ol 4-(N-methylcarbamate)"
23031369,"2,2-Dimethyl-3-(2-methyl-1-propenyl)cyclopropanecarboxylic acid 2-methyl-4-oxo-3-(2-propynyl)-2-cyclopenten-1-yl ester"
23103982,"Dimethylcarbamic acid, 2-(Dimethylamino)-5,6-dimethyl-4-pyrimidinyl ester"
23135220,"2-(Dimethylamino)-N-[[(methylamino)carbonyl]oxy]-2-oxo-ethanimidothioic acid methyl ester"
23422539,"N,N-Dimethyl-N'-[3[[(methylamino)carbonyl]oxy]phenyl]methanimidamide hydrochloride (1:1)"
23505411,"Phosphorothioic acid O-[2-(diethylamino)-6-methyl-4-pyrimidinyl] O,O-diethyl ester"
23564058,"N,N'-[1,2-Phenylenebis(iminocarbonothioyl)]bis-C,C'- dimethyl ester carbamic acid"
24017478,"O,O-Diethyl O-(1-phenyl-1H-1,2,4-triazol-3-yl) ester phosphorothioic acid"
24353615,"2-[(Aminomethoxyphosphinothioyl)oxy]benzoic acid 1-methylethyl ester"
25171635,"N-[[(Methylamino)carbonyl]oxy]ethanimidothioic acid, 2-Cyanoethylester"
25311711,"2-[[Ethoxy[(1-methylethyl)amino]phosphinothioyl]oxy]benzoic acid 1-methylethyl ester"
25606411,"N-[3-(Dimethylamino)propyl]carbamic acid propyl ester hydrochloride (1:1)"
25939053,"Benzoyl chloride, (2,4,6-Trichlorophenyl)hydrazone"
25954136,"P-(Aminocarbonyl)phosphonic acid monoethyl ester ammonium salt (1:1)"
26002802,"2,2-Dimethyl-3-(2-methyl-1-propenyl)cyclopropanecarboxylic acid (3-phenoxyphenyl)methyl ester"
26225796,"2-Ethoxy-2,3-dihydro-3,3-dimethyl-5-benzofuranol 5-methanesulfonate"
26644462,"N,N'-[1,4-Piperazinediylbis(2,2,2-trichloroethylidene)]bis-formamide"
26952205,"4-Amino-3,5,6-trichloro-2-pyridinecarboxylic acid, Isooctyl ester"
28249776,"N,N-Diethylcarbamothioic acid S-[(4-chlorophenyl)methyl] ester"
29091212,"2,6-Dinitro-N1,N1-dipropyl-4-(trifluoromethyl)-1,3-benzenediamine"
29232937,"O-[2-(Diethylamino)-6-methyl-4-pyrimidinyl]O,O-dimethyl ester, Phosphorothioic acid"
29450451,"2-(4-Chloro-2-methylphenoxy)acetic acid, 2-Ethylhexyl ester"
30560191,"N-Acetylphosphoramidothioic acid O,S-dimethyl ester"
33213659,"(3alpha,5a beta,6beta,9beta,9a beta)-6,7,8,9,10,10-Hexachloro-1,5,5a,6,9,9a-hexahydro-6,9-methano-2,4,3-benzodioxathiepin-3-oxide"
33629479,"4-(1,1-Dimethylethyl)-N-(1-methylpropyl)-2,6-dinitrobenzenamine"
34014181,"N-[5-(1,1-Dimethylethyl)-1,3,4-thiadiazol-2-yl]-N,N'-dimethylurea"
34256821,"2-Chloro-N-(ethoxymethyl)-N-(2-ethyl-6-methylphenyl)acetamide"
35367385,"N-[[(4-Chlorophenyl)amino]carbonyl]-2,6-difluorobenzamide"
36734197,"3-(3,5-Dichlorophenyl)-N-(1-methylethyl)-2,4-dioxo-1-imidazolidinecarboxamide"
37273919,"Metaldehyde (unspecified)"
38641940,"N-(Phosphonomethyl)glycine compd. with 2-propanamine (1:1)"
39148248,"Monoethyl ester phosphonic acid aluminum salt (3:1)"
39300453,"2-Butenoic acid, 2(or 4)-isooctyl-4,6(or 2,6)-dinitrophenyl ester"
40487421,"N-(1-Ethylpropyl)-3,4-dimethyl-2,6-dinitro-benzenamine"
41198087,"Phosphorothioic acid O-(4-bromo-2-chlorophenyl) O-ethyl S-propyl ester"
42874033,"2-Chloro-1-(3-ethoxy-4-nitrophenoxy)-4-(trifluoromethyl)benzene"
43121433,"1-(4-Chlorophenoxy)-3,3-dimethyl-1-(1H-1,2,4-triazol-1-yl)-2-butanone"
51218452,"2-Chloro-N-(2-ethyl-6-methylphenyl)-N-(2-methoxy-1-methylethyl)acetamide"
51235042,"3-Cyclohexyl-6-(dimethylamino)-1-methyl-1,3,5-triazine-2,4-(1H,3H)dione"
51707552,"N-Phenyl-N'-1,2,3-thiadiazol-5-yl-urea"
52315078,"3-(2,2-Dichloroethenyl)-2,2-dimethylcyclopropanecarboxylic acid cyano(3-phenoxyphenyl)methyl ester"
52508357,"2,3:4,6-bis-O-(1-Methylethylidene)-alpha-L-xylo-2-hexulofuranosonic acid, Sodium salt"
52645531,"3-(2,2-Dichloroethenyl)-2,2-dimethylcyclopropanecarboxylic acid, (3-Phenoxyphenyl)methyl ester"
52918635,"(1R,3R)-3-(2,2-Dibromoethenyl)-2,2-dimethylcyclopropanecarboxylic acid (S)cyano(3-phenoxyphenyl)methyl ester"
53112280,"4,6-Dimethyl-N-phenyl-2-pyrimidinamine"
53780362,"N-[2,4-Dimethyl-5-[[(trifluoromethyl)sulfonyl]amino]phenyl]acetamide compd. with 2,2'-Iminobis[ethanol](1:1)"
54593838,"Phosphorothioic acid O,O-diethyl-O-(1,2,2,2-tetrachloroethyl) ester"
55219653,"beta-(4-Chlorophenoxy)-alpha-(1,1-dimethylethyl)-1H-1,2,4-triazole-1-ethanol"
55283686,"N-Ethyl-N-(2-methyl-2-propenyl)-2,6-dinitro-4-(trifluoromethyl)benzenamine"
55290647,"2,3-Dihydro-5,6-dimethyl-1,4-dithiin 1,1,4,4-tetraoxide"
55335063,"2-[(3,5,6-Trichloro-2-pyridinyl)oxy]acetic acid"
55512339,"Carbonothioic acid, O-(6-Chloro-3-phenyl-4-pyridazinyl) S-octyl ester"
56425913,"alpha-(1-Methylethyl)-alpha-[4-(trifluoromethoxy)phenyl]-5-pyrimidinemethanol"
57018049,"Phosphorothioic acid O-(2,6-dichloro-4-methylphenyl) O,O-dimethyl ester"
57754855,"3,6-Dichloro-2-pyridinecarboxylic acid compd. with 2-aminoethanol (1:1)"
57837191,"N-(2,6-Dimethylphenyl)-N-(methoxyacetyl)alanine methyl ester"
57960197,"2-(Acetyloxy)-3-dodecyl-1,4-naphthalenedione"
57966957,"2-Cyano-N-[(ethylamino)carbonyl]-2-(methoxyimino)acetamide"
59669260,"N,N'-[Thiobis[(methylimino)carbonyloxy]]bisethanimidothioic acid dimethyl ester"
59756604,"1-Methyl-3-phenyl-5-[3-(trifluoromethyl)phenyl]-4(1H)pyridinone"
60168889,"alpha-(2-Chlorophenyl)-alpha-(4-chlorophenyl)-5-pyrimidinemethanol"
60207901,"1-[[2-(2,4-Dichlorophenyl)-4-propyl-1,3-dioxolan-2-yl]methyl]-1H-1,2,4-triazole"
61790532,"Kieselguhr"
62476599,"5-[2-Chloro-4-(trifluoromethyl)phenoxy]-2-nitrobenzoic acid, Sodium salt (1:1)"
62924703,"2-Chloro-N-[2,6-dinitro-4-(trifluoromethyl)phenyl]-N-ethyl-6-fluorobenzenemethanamine"
64700567,"[(3,5,6-Trichloro-2-pyridinyl)oxy]acetic acid, 2-Butoxyethyl ester"
64902723,"2-Chloro-N-[[(4-methoxy-6-methyl-1,3,5-triazin-2-yl)amino]carbonyl]benzenesulfonamide"
66215278,"N-Cyclopropyl-1,3,5-triazine-2,4,6-triamine"
66230044,"(alphaS)-4-Chloro-alpha-(1-methylethyl)benzeneacetic acid (S)-cyano-(3-phenoxyphenyl)methyl ester"
66332965,"N-[3-(1-Methylethoxy)phenyl]-2-(trifluoromethyl)benzamide"
66841256,"2,2-Dimethyl-3-(1,1,2,2-tetrabromoethyl)cyclopropanecarboxylic acid cyano(3-phenoxyphenyl)methyl ester"
67485294,"Tetrahydro-5,5-dimethyl-2(1H)-pyrimidio[3-[4-trifluoromethyl)phenyl]-1-[2-[4-(trifluoromethyl)phenyl]ethenyl]-2-propenylidene]hydrazone"
67564914,"(2R,6S)-rel-4-[3-[4-(1,1-Dimethylethyl)phenyl]-2-methylpropyl]-2,6-dimethylmorpholine"
67762394,"C6-12 Fatty acids, Me esters"
68157608,"N-(2-Chloro-4-pyridinyl)-N'-phenylurea"
68694111,"1-[(1E)-1-[[4-Chloro-2-(trifluoromethyl)phenyl]imino]-2-propoxyethyl]-1H-imidazole"
69327760,"2-[(1,1-Dimethylethyl)imino]tetrahydro-3-(1-methylethyl)-5-phenyl-4H-1,3,5-thiadiazin-4-one"
69409945,"N-[2-Chloro-4-(trifluoromethyl)phenyl]-DL-valine cyano(3-phenoxyphenyl)methyl ester"
70630170,"N-(2,6-Dimethylphenyl)-N-(methoxyacetyl)-D-alanine methyl ester"
71283802,"(2R)-2-[4-[(6-Chloro-2-benzoxazolyl)oxy]phenoxy]propanoic acid, Ethyl ester"
71751412,"Avermectin B1"
72490018,"[2-(4-Phenoxyphenoxy)ethyl]carbamic acid ethyl ester"
72963725,"2,2-Dimethyl-3-(2-methyl-1-propenyl)cyclopropanecarboxylic acid, [2,5-dioxo-3-(2-propynyl)-1-imidazolidinyl]methyl ester"
74051802,"2-[1-(Ethoxyimino)butyl]-5-[2-(ethylthio)propyl]-3-hydroxy-2-cyclohexen-1-one"
74115245,"3,6-Bis(2-chlorophenyl)-1,2,4,5-tetrazine"
74222972,"2-[[[[(4,6-Dimethyl-2-pyrimidinyl)amino]carbonyl]amino]sulfonyl]benzoic acid, Methyl ester"
74223646,"2-[[[[(4-Methoxy-6-methyl-1,3,5-triazin-2-yl)amino]carbonyl]amino]sulfonyl]benzoic acid methyl ester"
76578126,"2-[4-[(6-Chloro-2-quinoxalinyl)oxy]phenoxy]propanoic acid"
76674210,"alpha-(2-Fluorophenyl)-alpha-(4-fluorophenyl)-1H-1,2,4-triazole-1-ethanol"
76703623,"(1R,3R)-3-(2-Chloro-3,3,3-trifluoro-1-propenyl)-2,2-dimethylcyclopropanecarboxylic acid (S)-cyano(3-phenoxyphenyl)methyl ester"
76738620,"(alphaR,betaR)-rel-beta-[(4-Chlorophenyl)methyl]-alpha-(1,1-dimethylethyl)-1H-1,2,4-triazole-1-ethanol"
77182822,"2-Amino-4-(hydroxymethylphosphinyl)butanoic acid monoammonium salt"
77501634,"5-[2-Chloro-4-(trifluoromethyl)phenoxy]-2-nitrobenzoic acid, 2-Ethoxy-1-methyl-2-oxoethyl ester"
78587050,"(4R,5R)-rel-5-(4-Chlorophenyl)-N-cyclohexyl-4-methyl-2-oxo-3-thiazolidinecarboxamide"
79241466,"(2R)-2-[4-[[5-(Trifluoromethyl)-2-pyridinyl]oxy]phenoxy]propanoic acid butyl ester"
79277273,"3-[[[[(4-Methoxy-6- methyl-1,3,5-triazin-2-yl)amino]carbonyl]amino]sulfonyl]-2-thiophenecarboxylic acid methyl ester"
79538322,"(1R,3R)-rel-3-[(1Z)-2-Chloro-3,3,3-trifluoro-1-propen-1-yl]-2,2-dimethylcyclopropanecarboxylic acid (2,3,5,6-tetrafluoro-4-methylphenyl)methyl ester"
80844071,"1-[[2-(4-Ethoxyphenyl)-2-methylpropoxy]methyl]-3-phenoxybenzene"
81052291,"2-(4-Chlorophenyl)-1-ethyl-1,4-dihydro-6-methyl-4-oxo-3-pyridinecarboxylic acid, Potassium salt"
81335377,"2-[4,5-Dihydro-4-methyl-4-(1-methylethyl)-5-oxo-1H-imidazol-2-yl]-3-quinolinecarboxylic acid"
81335775,"2-[4,5-Dihydro-4-methyl-4-(1-methylethyl)-5-oxo-1H-imidazol-2-yl]-5-ethyl-3-pyridinecarboxylic acid"
81406373,"2-[(4-Amino-3,5-dichloro-6-fluoro-2-pyridinyl)oxy]acetic acid 1-methylheptyl ester"
81777891,"2-[(2-Chlorophenyl)methyl]-4,4-dimethyl-3-isoxazolidinone"
82097505,"2-(2-Chloroethoxy)-N-[[(4-methoxy-6-methyl-1,3,5-triazin-2-yl)amino]carbonyl]benzenesulfonamide"
82697710,"2-(4-Chlorophenyl)-3-ethyl-2,5-dihydro-5-oxo-4-pyridazinecarboxylic acid potassium salt"
84087014,"3,7-Dichloro-8-quinolinecarboxylic acid"
84776330,"Fatty acids, C8-18 and C18-unsatd., Ammonium salts"
86209510,"2-[[[[[4,6-Bis(difluoromethoxy)-2-pyrimidinyl]amino]carbonyl]amino]sulfonyl]benzoic acid, Methyl ester"
86479063,"N-[[[3,5-Dichloro-4-(1,1,2,2-tetrafluoroethoxy)phenyl]amino]carbonyl]-2,6-difluorobenzamide"
87392129,"2-Chloro-N-(2-ethyl-6-methylphenyl)-N-[(1S)-2-methoxy-1-methylethyl]acetamide"
87546187,"2-[2-Chloro-4-fluoro-5-(1,3,4,5,6,7-hexahydro-1,3-dioxo-2H-isoindol-2-yl)phenoxy]acetic acid pentyl ester"
87674688,"2-Chloro-N-(2,4-dimethyl-3-thienyl)-N-(2-methoxy-1-methylethyl)acetamide"
87820880,"2-[1-(Ethoxyimino)propyl]-3-hydroxy-5-(2,4,6-trimethylphenyl)-2-cyclohexen-1-one"
88671890,"alpha-Butyl-alpha-(4-chlorophenyl)-1H-1,2,4-triazole-1-propanenitrile"
90982324,"2-[[[[(4-Chloro-6-methoxy-2-pyrimidinyl)amino]carbonyl]amino]sulfonyl]benzoic acid, Ethyl ester"
91465086,"3-[(1Z)-2-Chloro-3,3,3-trifluoro-1-propen-1-yl]-2,2-dimethylcyclopropanecarboxylic acid (1S,3S)-rel-(R)-cyano(3-phenoxyphenyl)methyl ester"
94125345,"N-[[(4-Methoxy-6-methyl-1,3,5-triazin-2-yl)amino]carbonyl]-2-(3,3,3-trifluoropropyl)benzenesulfonamide"
94361065,"alpha-(4-Chlorophenyl)-alpha-(1-cyclopropylethyl)-1H-1,2,4-triazole-1-ethanol"
95266403,"4-(Cyclopropylhydroxymethylene)-3,5-dioxocyclohexanecarboxylic acid ethyl ester"
95737681,"2-[1-Methyl-2-(4-phenoxyphenoxy)ethoxy]pyridine"
96489713,"4-Chloro-2-(1,1-dimethylethyl)-5-[[[4-(1,1-dimethylethyl)phenyl]methyl]thio]-3(2H)pyridazinene"
97886458,"2-(Difluoromethyl)-4-(2-methylpropyl)-6-(trifluoromethyl)-3,5-pyridinedicarbothioic acid, S3,S5-Dimethyl ester"
98886443,"(2-Oxo-3-thiazolidinyl)phosphonothioic acid O-ethyl S-(1-methylpropyl)ester"
98967409,"N-(2,6-Difluorophenyl)-5-methyl-[1,2,4]triazolo[1,5-a]pyrimidine-2-sulfonamide"
99485764,"N-[(2-Chlorophenyl)methyl]-N'-(1-methyl-1-phenylethyl)urea"
100784201,"3-Chloro-5-[[[[(4,6-dimethoxy-2-pyrimidinyl)amino]carbonyl]amino]sulfonyl]-1-methyl-1H-pyrazole-4-carboxylic acid, Methyl ester"
101200480,"2-[[[[(4-Methoxy-6-methyl-1,3,5-triazin-2-yl)methylamino]carbonyl]amino]sulfonyl]benzoic acid methyl ester"
103361097,"2-[7-Fluoro-3,4-dihydro-3-oxo-4-(2-propynyl)-2H-1,4-benzoxazin-6-yl]-4,5,6,7-tetrahydro-1H-isoindole-1,3(2H)-dione"
104040780,"N-[[4,6-Dimethoxy-2-pyrimidinyl)amino]carbonyl]-3-(trifluoromethyl)-2-pyridinesulfonamide"
104098488,"(+-)-2-[4,5-Dihydro-4-methyl-4-(1-methylethyl)-5-oxo-1H-imidazol-2-yl]-5-methyl-3-pyridinecarboxylic acid"
104206828,"2-[4-(Methylsulfonyl)-2-nitrobenzoyl]-1,3-cyclohexanedione"
105512069,"(2R)-2-[4-[(5-Chloro-3-fluoro-2-pyridinyl)oxy]phenoxy]propanoic acid, 2-Propyn-1-yl ester"
106700292,"2-Chloro-N-(2-ethoxyethyl)-N-(2-methyl-1-phenyl-1-propen-1-yl)acetamide"
107534963,"alpha-[2-(4-Chlorophenyl)ethyl]-alpha-(1,1-dimethylethyl)-1H-1,2,4-triazole-1-ethanol"
109293972,"2-[1-[2-[[(3,5-Difluorophenyl)amino]carbonyl]hydrazinylidene]ethyl]-3-pyridinecarboxylic acid"
110488705,"3-(4-Chlorophenyl)-3-(3,4-dimethoxyphenyl)-1-(4-morpholinyl)-2-propen-1-one"
111353845,"2-[[[[[4-Ethoxy-6-(methylamino)-1,3,5-triazin-2-yl]amino]carbonyl]amino]sulfonyl]benzoic acid"
111578326,"N'-[4-[(3,4-Dihydro-2-methoxy-2,4,4-trimethyl-2H-1-benzopyran-7-yl)oxy]phenyl]-N-methoxy-N-methylurea"
111988499,"[N(Z)]-N-[3-[(6-Chloro-3-pyridinyl)methyl]-2-thiazolidinylidene]cyanamide"
111991094,"2-[[[[(4,6-Dimethoxy-2-pyrimidinyl)amino]carbonyl]amino]sulfonyl]-N,N-dimethyl-3-pyridinecarboxamide"
112281773,"1-[2-(2,4-Dichlorophenyl)-3-(1,1,2,2-tetrafluoroethoxy)propyl]-1H-1,2,4-triazole"
112410238,"1-(1,1-Dimethylethyl)-2-(4-ethylbenzoyl)hydrazide-3,5-dimethylbenzoic acid"
113136779,"1-[[(2,4-Dichlorophenyl)amino]carbonyl]cyclopropane carboxylic acid"
114311329,"2-[4,5-Dihydro-4-methyl-4-(1-methylethyl)-5-oxo-1H-imidazol-2-yl]-5-(methoxymethyl)-3-pyridinecarboxylic acid"
114369436,"alpha-[2-(4-Chlorophenyl)ethyl]-alpha-phenyl-1H-1,2,4-triazole-1-propanenitrile"
115136533,"2-[4,5-Dihydro-4-methyl-4-(1-methylethyl)-5-oxo-1H-imidazol-2-yl]-5-methyl-3-pyridinecarboxylic acid ammonium salt (1:1)"
116714466,"N-[[[3-Chloro-4-[1,1,2-trifluoro-2-(trifluoromethoxy)ethoxy]phenyl]amino]carbonyl]-2,6-difluorobenzamide"
117337196,"[[2-Chloro-4-fluoro-5-[(tetrahydro-3-oxo-1H,3H-[1,3,4]thiadiazolo [3,4-a]pyridazin-1-ylidine)amino]phenyl]thioacetic acid methyl ester"
117428225,"(alphaE)-alpha-(Methoxymethylene)-2-[[[6-(trifluoromethyl)-2-pyridinyl]oxy]methyl]benzeneacetic acid methyl ester"
117718602,"2-(Difluoromethyl)-5-(4,5-dihydro-2-thiazolyl)-4-(2-methylpropyl)-6-(trifluoromethyl)-3-pyridinecarboxylic acid methyl ester"
118134308,"8-(1,1-Dimethylethyl)-N-ethyl-N-propyl-1,4-dioxaspiro[4.5]decane-2-methanamine"
118712893,"(1R,3S)-3-(2,2-Dichloroethenyl)-2,2-dimethyl-(2,3,5,6-tetrafluorophenyl)methyl ester cyclopropanecarboxylic acid"
119446683,"1-[[2-[2-Chloro-4-(4-chlorophenoxyl)phenyl]-4-methyl-1,3-dioxolan-2-yl]methyl]-1H-1,2,4-triazole"
120068373,"5-Amino-1-[2,6-dichloro-4-(trifluoromethyl)phenyl]-4-[(trifluoromethyl)sulfinyl]-1H-pyrazole-3-carbonitrile"
120116883,"4-Chloro-2-cyano-N,N-dimethyl-5-(4-methylphenyl)-1H-imidazole-1-sulfonamide"
120928098,"4-[2-[4-(1,1-Dimethylethyl)phenyl]ethoxy]quinazoline"
121552612,"4-Cyclopropyl-6-methyl-N-phenyl-2-pyrimidinamine"
122008859,"(2R)-2-[4-(4-Cyano-2-fluorophenoxy)phenoxy]propanoic acid, Butyl ester"
122453730,"4-Bromo-2-(4-chlorophenyl)-1-(ethoxymethyl)-5-(trifluoromethyl)-1H-pyrrole-3-carbonitrile"
122548338,"2-Chloro-N-[[(4,6-dimethoxy-2-pyrimidinyl)amino]carbonyl]imidazo[1,2-a]pyridine-3-sulfonamide"
122836355,"N-[2,4-Dichloro-5-[4-(difluoromethyl)-4,5-dihydro-3-methyl-5-oxo-1H-1,2,4-triazol-1-yl]phenyl]methanesulfonamide"
122931480,"N-[[(4,6-Dimethoxy-2-pyrimidinyl)amino]carbonyl]-3-(ethylsulfonyl)-2-pyridine sulfonamide"
123312890,"4,5-Dihydro-6-methyl-4-[(E)-(3-pyridinylmethylene)amino]-1,2,4-triazin-3(2H)-one"
123343168,"2-Chloro-6-[(4,6-dimethoxy-2-pyrimidinyl)thio]benzoic acid sodium salt (1:1)"
124495187,"5,7-Dichloro-4-(4-fluorophenoxy)quinoline"
125116236,"5-[(4-Chlorophenyl)methyl]-2,2-dimethyl-1-(1H-1,2,4-triazol-1-ylmethyl)cyclopentanol"
125225287,"2-[(4-Chlorophenyl)methyl]-5-(1-methylethyl)-1-(1H-1,2,4-triazol-1-ylmethyl)cyclopentanol"
125401925,"2,6-Bis[(4,6-dimethoxy-2-pyrimidinyl)oxy]benzoic acid sodium salt"
126535157,"2-[[[[[4-(Dimethylamino)-6-(2,2,2-trifluoroethoxy)-1,3,5-triazin-2-yl]amino]carbonyl]amino]sulfonyl]-3-methylbenzoic acid, Methyl ester"
126833178,"N-(2,3-Dichloro-4-hydroxyphenyl)-1-methylcyclohexanecarboxamide"
127277536,"3,5-Dioxo-4-(1-oxopropyl)cyclohexanecarboxylic acid calcium ion(1-), Calcium salt (2:1:1)"
128621727,"alpha,2-Dichloro-5-[4-(difluoromethyl)-4,5-dihydro-3-methyl-5-oxo-1H-1,2,4-triazol-1-yl]-4-fluorobenzenepropanoic acid"
128639021,"alpha,2-Dichloro-5-[4-(difluoromethyl)-4,5-dihydro-3-methyl-5-oxo-1H-1,2,4-triazol-1-yl]-4-fluorobenzenepropanoic acid, Ethyl ester"
129558765,"4-Chloro-3-ethyl-1-methyl-N-[[4-(4-methylphenoxy)phenyl]methyl]-1H-pyrazole-5-carboxamide"
129630199,"2-[2-Chloro-5-[4-chloro-5-(difluoromethoxy)-1-methyl-1H-pyrazol-3-yl]-4-fluorophenoxy]acetic acid ethyl ester"
129909906,"4-Amino-N-(1,1-dimethylethyl)-4,5-dihydro-3-(1-methylethyl)-5-oxo-1H-1,2,4-triazole-1-carboxamide"
131341861,"4-(2,2-Difluoro-1,3-benzodioxol-4-yl)-1H-pyrrole-3-carbonitrile"
131807573,"5-Methyl-5-(4-phenoxyphenyl)-3-(phenylamino)-2,4-oxazolidinedione"
131860338,"(alphaE)-2-[[6-(2-Cyanophenoxy)-4-pyrimidinyl]oxy]-alpha-(methoxymethylene)benzeneacetic acid methyl ester"
131983727,"5-[(4-Chlorophenyl)methylene]-2,2-dimethyl-1-(1H-1,2,4-triazol-1-ylmethyl)cyclopentanol"
134098616,"4-[[[(E)-[(1,3-Dimethyl-5-phenoxy-1H-pyrazol-4-yl)methylene]amino]oxy]methyl]benzoic acid, 1,1-Dimethylethyl ester"
134605644,"2-Chloro-5-[3,6-dihydro-3-methyl-2,6-dioxo-4-(trifluoromethyl)-1(2H)-pyrimidinyl]benzoic acid 1,1-dimethyl-2-oxo-2-(2-propenyloxy)ethyl ester"
135158542,"1,2,3-Benzothiadiazole-7-carbothioic acid S-methyl ester"
135410207,"(1E)-N-[(6-Chloro-3-pyridinyl)methyl]-N'-cyano-N-methylethanimidamide"
138261413,"(2E)-1-[(6-Chloro-3-pyridinyl)methyl]-N-nitro-2-imidazolidinimine"
139968493,"2-[2-(4-Cyanophenyl)-1-[3-(trifluoromethyl)phenyl]ethylidene]-N-[4-(trifluoromethoxy)phenyl]hydrazinecarboxamide"
141517217,"(alphaE)-alpha-(Methoxyimino)-2-[[[(E)-[1-[3-(trifluoromethyl)phenyl]ethylidene]amino]oxy]methyl]benzeneacteic acid methyl ester"
141776321,"N-[[(4,6-Dimethoxy-2-pyrimidinyl)amino]carbonyl]-2-(ethylsulfonyl)imidazo[1,2-a]pyridine-3-sulfonamide"
142459583,"N-(4-Fluorophenyl)-N-(1-methylethyl)-2-[[5-(trifluoromethyl)-1,3,4-thiadiazol-2-yl]oxy]acetamide"
143390890,"(alphaE)-alpha-(Methoxyimino)-2-[(2-methylphenoxy)methyl]benzeneacetic acid methyl ester"
144171619,"7-Chloro-2,5-dihydro-2-[[(methoxycarbonyl)[4-(trifluoromethoxy)phenyl]amino]carbonyl]indeno[1,2-e][1,3,4]oxadiazine-4a(3H)-carboxylic acid methyl ester"
144550367,"4-Iodo-2-[[[[(4-methoxy-6-methyl-1,3,5-triazin-2-yl)amino]carbonyl]amino]sulfonyl]benzoic acid methyl ester sodium salt (1:1)"
145701219,"N-(2,6-Dichlorophenyl)-5-ethoxy-7-fluoro-[1,2,4-triazolo[1,5-c]pyrimidine-2-sulfonamide"
145701231,"N-(2,6-Difluorophenyl)-8-fluoro-5-methoxy-[1,2,4]triazolo[1,5-c]pyrimidine-2-sulfonamide"
147150354,"3-Chloro-2-[[(5-ethoxy-7-fluoro[1,2,4]triazolo[1,5-c]pyrimidin-2-yl)sulfonyl]amino]benzoic acid, Methyl ester"
148477718,"2,2-Dimethylbutanoic acid, 3-(2,4-Dichlorophenyl)-2-oxo-1-oxaspiro[4.5]dec-3-en-4-yl ester"
149877418,"2-(4-Methoxy[1,1'-biphenyl]-3-yl)hydrazinecarboxylic acid, 1-Methylethyl ester"
150114719,"4-Amino-3,6-dichloro-2-pyradinecarboxylic acid"
153233911,"2-(2,6-Difluorophenyl)-4-[4-(1,1-dimethylethyl)-2-ethoxyphenyl]-4,5-dihydrooxazole"
153719234,"3-[(2-Chloro-5-thiazolyl)methyl]tetrahydro-5-methyl-N-nitro-4H-1,3,5-oxadiazin-4-imine"
155569918,"(4''R)-4''-Deoxy-4''-(methylamino)avermectin B1 benzoate (1:1)"
156052685,"3,5-Dichloro-N-(3-chloro-1-ethyl-1-methyl-2-oxopropyl)-4-methylbenzamide"
156963665,"3-[2-Chloro-4-(methanesulfonyl)benzoyl]-4-(phenylsulfanyl)bicyclo[3.2.1]oct-3-en-2-one"
158062670,"N-(Cyanomethyl)-4-(trifluoromethyl)-3-pyridinecarboxamide"
161050584,"3-Methoxymethylbenzoic acid 2-(3,5-dimethylbenzoyl)-2-(1,1-dimethylethyl)hydrazide"
161326347,"(5S)-3,5-Dihydro-5-methyl-2-(methylthio)-5-phenyl-3-(phenylamino)-4H-imidazol-4-one"
162650773,"N-(Cyano-2-thienylmethyl)-4-ethyl-2-(ethylamino)-5-thiazolecarboxamide"
165252700,"N''-Methyl-N-nitro-N'-[(tetrahydro-3-furanyl)methyl]guanidine"
168316958,"Spinosad"
173159574,"2-[[[[(4,6-Dimethoxy-2-pyrimidinyl)amino]carbonyl]amino]sulfonyl]-4-(formylamino)-N,N-dimethylbenzamide"
173584446,"(4aS)-7-Chloro-2,5-dihydro-2-[[(methoxycarbonyl)[4-(trifluoromethoxy)phenyl]amino]carbonyl]indeno[1,2-e][1,3,4]oxadiazine-4a(3H)-carboxylic acid methyl ester"
173662970,"2-{2-[(2,5-Dimethylphenoxy)methyl]phenyl}-2-methoxy-N-methylacetamide"
175013180,"[2-[[[1-(4-Chlorophenyl)-1H-pyrazol-3-yl]oxy]methyl]phenyl]methoxycarbamic acid methyl ester"
178928706,"2-[2-(1-Chlorocyclopropyl)-3-(2-chlorophenyl)-2-hydroxypropyl]-1,2-dihydro-3H-1,2,4-triazole-3-thione"
179101816,"2-(3-{2,6-Dichloro-4-[(3,3-dichloroprop-2-en-1-yl)oxy]phenoxy}propoxy)-5-(trifluoromethyl)pyridine"
180409603,"[N(Z)]-N-[[(Cyclopropylmethoxy)amino][2,3-difluoro-6-(trifluoromethyl)phenyl]methylene]benzeneacetamide"
181274157,"2-[[[(4,5-Dihydro-4-methyl-5-oxo-3-propoxy-1H-1,2,4-triazol-1-yl)carbonyl]amino]sulfonyl]benzoic acid, Methyl ester, Sodium salt (1:1)"
181274179,"4,5-Dihydro-3-methoxy-4-methyl-5-oxo-N-[[2-(trifluoromethoxy)phenyl]sulfonyl]-1H-1,2,4-triazole-1-carboxamide, Sodium salt (1:1)"
183675823,"N-[2-(1,3-Dimethylbutyl)-3-thienyl]-1-methyl-3-(trifluoromethyl)-1H-pyrazole-4-carboxamide"
188425856,"2-Chloro-N-(4'-chloro[1,1'-biphenyl]-2-yl)-3-pyridinecarboxamide"
188489078,"2-[2-Chloro-4-fluoro-5-[5-methyl-6-oxo-4-(trifluoromethyl)-1(6H)-pyridazinyl]phenoxy]acetic acid, Ethyl ester"
199119589,"N-[[(4,6-Dimethoxy-2-pyrimidinyl)amino]carbonyl]-(2,2,2-trifluoroethoxy)-2-pyridinesulfonamide sodium salt (1:1)"
203313251,"Carbonic acid, cis-3-(2,5-Dimethylphenyl)-8-methoxy-2-oxo-1-azaspiro[4.5]dec-3-en-4-yl ethyl ester"
208465218,"2-[[[[(4,6-Dimethoxy-2-pyrimidinyl)amino]carbonyl]amino]sulfonyl]-4-[[(methylsulfonyl)amino]methyl]benzoic acid, Methyl ester"
210631688,"[3-(4,5-Dihydro-3-isoxazolyl)-2-methyl-4-(methylsulfonyl)phenyl](5-hydroxy-1-methyl-1H-pyrazol-4-yl)methanone"
210880925,"[C(E)]-N-[(2-Chloro-5-thiazolyl)methyl]-N'-methyl-N''-nitroguanidine"
213464778,"2-[[[[[(4,6-Dimethoxy-2-pyrimidinyl)amino]carbonyl]amino]sulfonyl]amino]-N,N-dimethylbenzamide"
219714962,"2-(2,2-Difluoroethoxy)-N-(5,8-dimethoxy[1,2,4]triazolo[1,5-c]pyrimidin-2-yl)-6-(trifluoromethyl)benzenesulfonamide"
220899036,"(3-Bromo-6-methoxy-2-methylphenyl)(2,3,4-trimethoxy-6-methylphenyl)methanone"
221205909,"N-{2-[(4,6-Dimethoxypyrimidin-2-yl)(hydroxy)methyl]-6-(methoxymethyl)phenyl}-1,1-difluoromethanesulfonamide"
239110157,"2,6-Dichloro-N-[[3-chloro-5-(trifluoromethyl)-2-pyridinyl]methyl]benzamide"
243973208,"2,2-Dimethylpropanoic acid  8-(2,6-diethyl-4-methylphenyl)-1,2,4,5- tetrahydro-7-oxo-7H-pyrazolo[1,2-d][1,4,5]oxadiazepin-9-yl ester"
272451657,"N2-[1,1-Dimethyl-2-(methylsulfonyl)ethyl]-3-iodo-N1-[2-methyl-4-[1,2,2,2-tetrafluoro-1-(trifluoromethyl)ethyl]phenyl]-1,2-benzenedicarboxamide"
274671613,"N,N-Diethyl-2-[(4-methylphenyl)methoxy]ethanamine hydrochloride"
283159900,"Methyl 3-(4-chlorophenyl)-3-[(N-{[(propan-2-yl)oxy]carbonyl}valyl)amino]propanoate"
283594901,"3,3-Dimethylbutanoic acid 2-oxo-3-(2,4,6-trimethylphenyl)-1-oaxspiro[4.4]non-3-en-4-yl ester"
318290981,"5-Chloro-2-(3,4,4-trifluorobut-3-ene-1-sulfonyl)-1,3-thiazole"
330459319,"3-Phenyl-5-(2-thienyl)-1,2,4-oxadiazole"
337458272,"1-Acetyl-3,4-dihydro-3-[(3-pyridinylmethyl)amino]-6-[1,2,2,2-tetrafluoro-1-(trifluoromethyl)ethyl]-2(1H)quinazolinone"
352010685,"4-Hydroxy-3-[[2-[(2-methoxyethoxy)methyl]-6-(trifluoromethyl)-3-pyridinyl]carbonyl]bicyclo[3.2.1]oct-3-en-2-one"
361377299,"(1E)-[2-[[6-(2-Chlorophenoxy)-5-fluoro-4-pyrimidinyl]oxy]phenyl](5,6-dihydro-1,4,2-dioxazin-3-yl)-methanone, O-Methyloxime"
365400119,"(5-Hydroxy-1,3-dimethyl-1H-pyrazol-4-yl)[2-(methylsulfonyl)-4-(trifluoromethyl)phenyl]methanone"
372137354,"2-Chloro-5-[3,6-dihydro-3-methyl-2,6-dioxo-4-(trifluoromethyl-1(2H)-pyrimidinyl]-4-fluoro-N-[[methyl(1-methylethyl)amino]sulfonyl]benzamide"
374726622,"4-Chloro-N-[2-[3-methoxy-4-(2-propynyloxy)phenyl]ethyl]-alpha-(2-propynyloxy)benzeneacetamide"
403640277,"5-[[(2,6-Difluorophenyl)methoxy]methyl]-4,5-dihydro-5-methyl(3-methyl-2-thienyl)isoxazole"
422556089,"N-(5,7-Dimethoxy[1,2,4]triazolo[1,5-a]pyrimidin-2-yl)-2-methoxy-4-(trifluoromethyl)-3-pyridinesulfonamide"
447399555,"3-[[[5-(Difluoromethoxy)-1-methyl-3-(trifluoromethyl)-1H-pyrazol-4-yl]methyl]sulfonyl]-4,5-dihydro-5,5-dimethyl-isoxazole"
473798593,"S-Prop-2-en-1-yl 5-amino-4-(2-methylphenyl)-3-oxo-2-(propan-2-yl)-2,3-dihydro-1H-pyrazole-1-carbothioate"
500008457,"3-Bromo-N-[4-chloro-2-methyl-6-[(methylamino)carbonyl]phenyl]-1-(3-chloro-2-pyridinyl)-1H-pyrazole-5-carboxamide"
500207045,"N-[6-[[[(Z)-[(1-Methyl-1H-tetrazol-5-yl)phenylmethylene]amino]oxy]methyl]-2-pyridinyl]-1,1-dimethylethyl ester carbamic acid"
581809463,"N-(3',4'-Dichloro-5-fluoro[1,1'-biphenyl]-2-yl)-3-(difluoromethyl)-1-methyl-1H-pyrazole-4-carboxamide"
658066354,"N-[2-[3-Chloro-5-(trifluoromethyl)-2-pyridinyl]ethyl]-2-(trifluoromethyl)benzamide"
688046619,"(5-Chloro-2-methoxy-4-methylpyridin-3-yl)(2,3,4-trimethoxy-6-methylphenyl)methanone"
736994631,"3-Bromo-1-(3-chloro-2-pyridinyl)-N-[4-cyano-2-methyl-6-[(methylamino)carbonyl]phenyl]-1H-pyrazole-5-carboxamide"
861229154,"(2R)-2-(4-Chloro-2-methylphenoxy)propanoic acid 2-ethylhexyl ester"
865363399,"(2R)-2-(2,4-Dichlorophenoxy)propanoic acid 2-ethylhexyl ester"
874967676,"N-(2-[1,1'-Bicyclopropyl]-2-ylphenyl)-3-(difluoromethyl)-1-methyl-1H-pyrazole-4-carboxamide"
875915789,"N-[1,1-Dimethyl-2-[2-methyl-4-(1-methylethoxy)phenyl]-2-oxoethyl]-3-methyl-2-thiophenecarboxamide"
915972177,"Cyclopropanecarboxylic acid, [(3S,4R,4aR,6S,6aS,12R,12aS,12bS)-3-[(Cyclopropylcarbonyl)oxy]-1,3,4,4a,5,6,6a,12,12a,12b-decahydro-6,12-dihydroxy-4,6a,12b-trimethyl-11-oxo-9-(3-pyridinyl)-2H,11H-naphtho[2,1-b]pyrano[3,4-e]pyran-4-yl]methyl ester"
935545747,"Spinetoram"
943831989,"4-Amino-3-chloro-6-(4-chloro-2-fluoro-3-methoxyphenyl)-2-pyridinecarboxylic acid methyl ester"
946578003,"N-[Methyloxido[1-[6-(trifluoromethyl)-3-pyridinyl]ethyl]-lambda4-sulfanylidene]cyanamide"
950782862,"N2-[(1R,2S)-2,3-Dihydro-2,6-dimethyl-1H-inden-1-yl]-6-(1-fluoroethyl)-1,3,5-triazine-2,4-diamine"
951659408,"4-[[(6-Chloro-3-pyridinyl)methyl](2,2-difluoroethyl)amino]-2(5H)-furanone"
958647104,"(2Z)-2-[[2-Fluoro-5-(trifluoromethyl)phenyl]thio]-2-[3-(2-methoxyphenyl)-2-thiazolidinylidene]acetonitrile"
1003318679,"1-[4-[4-[5-(2,6-Difluorophenyl)-4,5-dihydro-3-isoxazolyl]-2-thiazolyl]-1-piperidinyl]-2-[5-methyl-3-(trifluoromethyl)-1H-pyrazol-1-yl]ethanone"
1031756985,"3-Bromo-N-{2-bromo-4-chloro-6-[(1-cyclopropylethyl)carbamoyl]phenyl}-1-(3-chloropyridin-2-yl)-1H-pyrazole-5-carboxamide"
1048373723,"2-Hydroxy-N,N,N-trimethylethan-1-aminium (2,4-dichlorophenoxy)acetate"
1072957711,"N-[9-(Dichloromethylene)-1,2,3,4-tetrahydro-1,4-1H-pyrazole-4-carboxamide"
1101132675,"1-({1-Ethyl-4-[4-(methanesulfonyl)-3-(2-methoxyethoxy)-2-methylbenzoyl]-1H-pyrazol-5-yl}oxy)ethyl methyl carbonate"
1220411299,"Methyl N-[2-({2-chloro-4-fluoro-5-[3-methyl-2,6-dioxo-4-(trifluoromethyl)-3,6-dihydropyrimidin-1(2H)-yl]phenyl}sulfanyl)propanoyl]-beta-alaninate"
1228284647,"3-(Difluoromethyl)-N-methoxy-1-methyl-N-[1-(2,4,6-trichlorophenyl)propan-2-yl]-1H-pyrazole-4-carboxamide"
1229654663,"1-(3-Chloropyridin-2-yl)-N-[4-cyano-2-methyl-6-(methylcarbamoyl)phenyl]-3-{[5-(trifluoromethyl)-2H-tetrazol-2-yl]methyl}-1H-pyrazole-5-carboxamide"
1390661729,"Benzyl 4-amino-3-chloro-6-(4-chloro-2-fluoro-3-methoxyphenyl)-5-fluoropyridine-2-carboxylate"
1417782036,"2-[4-(4-Chlorophenoxy)-2-(trifluoromethyl)phenyl]-1-(1H-1,2,4-triazol-1-yl)propan-2-ol"
