Type,Crop,Pest,Family,Genus
Herbicide,Corn,"ACACIA, CATCLAW",,
Herbicide,Soybeans,"ACACIA, CATCLAW",,
Herbicide,Corn,"ADONIS, PHEASANTEYE",,
Herbicide,Soybeans,"ADONIS, PHEASANTEYE",,
Herbicide,Corn,AGERATUM,,
Herbicide,Soybeans,AGERATUM,,
Herbicide,Corn,ALEXANDERGRASS,,
Herbicide,Soybeans,ALEXANDERGRASS,,
Herbicide,Corn,"ALFALFA, VOLUNTEER",,
Herbicide,Soybeans,"ALFALFA, VOLUNTEER",,
Herbicide,Corn,ALGAE,,
Herbicide,Soybeans,ALKALI SACATON,,
Herbicide,Corn,ALKALIWEED,,
Herbicide,Soybeans,ALKALIWEED,,
Herbicide,Corn,ALL WEEDS,,
Herbicide,Soybeans,ALL WEEDS,,
Herbicide,Corn,ALLIGATORWEED,,
Herbicide,Soybeans,ALLIGATORWEED,,
Herbicide,Corn,AMARANTH,,
Herbicide,Soybeans,AMARANTH,,
Herbicide,Corn,"AMARANTH, PALMER",,
Herbicide,Soybeans,"AMARANTH, PALMER",,
Herbicide,Corn,"AMARANTH, POWELL'S",,
Herbicide,Soybeans,"AMARANTH, POWELL'S",,
Herbicide,Corn,"AMARANTH, SPINY",,
Herbicide,Soybeans,"AMARANTH, SPINY",,
Herbicide,Corn,"AMMANNIA, PURPLE",,
Herbicide,Soybeans,"AMMANNIA, PURPLE",,
Herbicide,Corn,"ANODA, SPURRED",,
Herbicide,Soybeans,"ANODA, SPURRED",,
Herbicide,Soybeans,AQUATICS,,
Herbicide,Corn,ARROWHEAD,,
Herbicide,Soybeans,ARROWHEAD,,
Herbicide,Soybeans,"ARROWHEAD, CALIFORNIA",,
Herbicide,Corn,"ARROWHEAD, GREGG",,
Herbicide,Corn,"ARTICHOKE, JERUSALEM",,
Herbicide,Soybeans,"ARTICHOKE, JERUSALEM",,
Herbicide,Corn,"ASPARAGUS, VOLUNTEER",,
Herbicide,Soybeans,"ASPARAGUS, VOLUNTEER",,
Herbicide,Corn,ASTER,,
Herbicide,Soybeans,ASTER,,
Herbicide,Corn,BAHIAGRASS,,
Herbicide,Soybeans,BAHIAGRASS,,
Herbicide,Corn,BALLOONVINE,,
Herbicide,Soybeans,BALLOONVINE,,
Herbicide,Corn,BALSAMAPPLE,,
Herbicide,Soybeans,BALSAMAPPLE,,
Herbicide,Corn,BARBERRY,,
Herbicide,Soybeans,BARBERRY,,
Herbicide,Corn,"BARLEY, FOXTAIL",,
Herbicide,Soybeans,"BARLEY, FOXTAIL",,
Herbicide,Corn,"BARLEY, LITTLE",,
Herbicide,Soybeans,"BARLEY, LITTLE",,
Herbicide,Corn,"BARLEY, VOLUNTEER",,
Herbicide,Soybeans,"BARLEY, VOLUNTEER",,
Herbicide,Corn,"BARLEY, WILD",,
Herbicide,Soybeans,"BARLEY, WILD",,
Herbicide,Corn,BARNYARDGRASS,,
Herbicide,Soybeans,BARNYARDGRASS,,
Herbicide,Soybeans,BASSIA,,
Herbicide,Corn,"BEAKRUSH, HORNED",,
Herbicide,Soybeans,"BEAKRUSH, HORNED",,
Herbicide,Corn,"BEAN, VOLUNTEER",,
Herbicide,Soybeans,"BEAN, VOLUNTEER",,
Herbicide,Corn,"BEAN, WILD PEA",,
Herbicide,Soybeans,"BEAN, WILD PEA",,
Herbicide,Corn,BEARDGRASS,,
Herbicide,Soybeans,BEARDGRASS,,
Herbicide,Corn,"BEDSTRAW, CATCHWEED",,
Herbicide,Soybeans,"BEDSTRAW, CATCHWEED",,
Herbicide,Corn,BEGGARTICKS,,
Herbicide,Soybeans,BEGGARTICKS,,
Herbicide,Corn,BEGGARWEED,,
Herbicide,Soybeans,BEGGARWEED,,
Herbicide,Corn,"BEGGARWEED, FLORIDA",,
Herbicide,Soybeans,"BEGGARWEED, FLORIDA",,
Herbicide,Corn,BELLFLOWER,,
Herbicide,Soybeans,BELLFLOWER,,
Herbicide,Corn,BENTGRASS,,
Herbicide,Soybeans,BENTGRASS,,
Herbicide,Corn,BERMUDAGRASS,,
Herbicide,Soybeans,BERMUDAGRASS,,
Herbicide,Corn,BERRIES,,
Herbicide,Soybeans,BERRIES,,
Herbicide,Corn,"BETONY, FLORIDA",,
Herbicide,Soybeans,"BETONY, FLORIDA",,
Herbicide,Corn,"BINDWEED, FIELD",,
Herbicide,Soybeans,"BINDWEED, FIELD",,
Herbicide,Corn,BITTERCRESS,,
Herbicide,Corn,BLACKBERRY,,
Herbicide,Soybeans,BLACKBERRY,,
Herbicide,Corn,BLACKEYED-SUSAN,,
Herbicide,Soybeans,BLACKEYED-SUSAN,,
Herbicide,Corn,BLACKGRASS,,
Herbicide,Soybeans,BLACKGRASS,,
Herbicide,Corn,BLOODBERRY,,
Herbicide,Soybeans,BLOODBERRY,,
Herbicide,Corn,"BLUEGRASS, ANNUAL",,
Herbicide,Soybeans,"BLUEGRASS, ANNUAL",,
Herbicide,Corn,"BLUEGRASS, KENTUCKY",,
Herbicide,Soybeans,"BLUEGRASS, KENTUCKY",,
Herbicide,Corn,"BLUEGRASS, ROUGHSTALK",,
Herbicide,Soybeans,"BLUEGRASS, ROUGHSTALK",,
Herbicide,Corn,"BLUESTEM, LITTLE",,
Herbicide,Soybeans,"BLUESTEM, LITTLE",,
Herbicide,Corn,BLUEWEED,,
Herbicide,Soybeans,BLUEWEED,,
Herbicide,Soybeans,BOUNCINGBET,,
Herbicide,Soybeans,"BRACKENFERN, WESTERN",,
Herbicide,Corn,BRAMBLE,,
Herbicide,Soybeans,BRAMBLE,,
Herbicide,Corn,BRIAR,,
Herbicide,Soybeans,BRIAR,,
Herbicide,Corn,"BROADLEAVES, ALL","Dicot, all","Dicot, all"
Herbicide,Soybeans,"BROADLEAVES, ALL",,
Herbicide,Corn,"BROADLEAVES, ANNUAL",,
Herbicide,Soybeans,"BROADLEAVES, ANNUAL",,
Herbicide,Corn,"BROADLEAVES, PERENNIAL",,
Herbicide,Soybeans,"BROADLEAVES, PERENNIAL",,
Herbicide,Corn,BROME,,
Herbicide,Soybeans,BROME,,
Herbicide,Corn,"BROME, CALIFORNIA",,
Herbicide,Soybeans,"BROME, CALIFORNIA",,
Herbicide,Corn,"BROME, DOWNY",,
Herbicide,Soybeans,"BROME, DOWNY",,
Herbicide,Corn,"BROME, JAPANESE",,
Herbicide,Soybeans,"BROME, JAPANESE",,
Herbicide,Corn,"BROME, RED",,
Herbicide,Soybeans,"BROME, RED",,
Herbicide,Corn,"BROME, RIPGUT",,
Herbicide,Soybeans,"BROME, RIPGUT",,
Herbicide,Corn,"BROME, SMOOTH",,
Herbicide,Soybeans,"BROME, SMOOTH",,
Herbicide,Corn,BROOMSEDGE,,
Herbicide,Corn,BROOMWEED,,
Herbicide,Soybeans,BROOMWEED,,
Herbicide,Corn,BUCKBRUSH,,
Herbicide,Soybeans,BUCKBRUSH,,
Herbicide,Corn,"BUCKTHORN, EUROPEAN",,
Herbicide,Corn,"BUCKWHEAT, TARTARY",,
Herbicide,Soybeans,"BUCKWHEAT, TARTARY",,
Herbicide,Corn,"BUCKWHEAT, WILD",,
Herbicide,Soybeans,"BUCKWHEAT, WILD",,
Herbicide,Corn,BUFFALOBUR,,
Herbicide,Soybeans,BUFFALOBUR,,
Herbicide,Corn,BUFFALOGRASS,,
Herbicide,Soybeans,BUFFALOGRASS,,
Herbicide,Corn,BUFFELGRASS,,
Herbicide,Soybeans,BUFFELGRASS,,
Herbicide,Corn,BULLNETTLE,,
Herbicide,Soybeans,BULLNETTLE,,
Herbicide,Corn,BULRUSH,,
Herbicide,Corn,"BURCLOVER, CALIFORNIA",,
Herbicide,Soybeans,"BURCLOVER, CALIFORNIA",,
Herbicide,Corn,BURCUCUMBER,,
Herbicide,Soybeans,BURCUCUMBER,,
Herbicide,Corn,"BURDOCK, COMMON",,
Herbicide,Soybeans,"BURDOCK, COMMON",,
Herbicide,Corn,BURNDOWN,Unknown,Unknown
Herbicide,Soybeans,BURNDOWN,,
Herbicide,Corn,"BURRWEED, FIELD",,
Herbicide,Soybeans,"BURRWEED, FIELD",,
Herbicide,Corn,BURSAGE,,
Herbicide,Soybeans,BURSAGE,,
Herbicide,Corn,"BURSAGE, WOOLLYLEAF",,
Herbicide,Soybeans,"BURSAGE, WOOLLYLEAF",,
Herbicide,Corn,BUTTERCUP,,
Herbicide,Soybeans,BUTTERCUP,,
Herbicide,Corn,BUTTONWEED,,Diodia
Herbicide,Soybeans,BUTTONWEED,,
Herbicide,Corn,CALADIUM,,
Herbicide,Soybeans,CALADIUM,,
Herbicide,Corn,CAMPHORWEED,,
Herbicide,Soybeans,CAMPHORWEED,,
Herbicide,Corn,"CAMPION, MEADOW",,
Herbicide,Soybeans,"CAMPION, MEADOW",,
Herbicide,Corn,"CAMPION, WHITE",,
Herbicide,Soybeans,"CAMPION, WHITE",,
Herbicide,Corn,CANARYGRASS,,
Herbicide,Soybeans,CANARYGRASS,,
Herbicide,Corn,"CANARYGRASS, LITTLESEED",,
Herbicide,Corn,"CANARYGRASS, REED",,
Herbicide,Soybeans,"CANARYGRASS, REED",,
Herbicide,Corn,"CANCERWORT, SHARPLEAF",,
Herbicide,Soybeans,"CANCERWORT, SHARPLEAF",,
Herbicide,Corn,"CANOLA, VOLUNTEER",,
Herbicide,Soybeans,"CANOLA, VOLUNTEER",,
Herbicide,Soybeans,"CARAWAY, COMMON",,
Herbicide,Corn,CARPETWEED,,
Herbicide,Soybeans,CARPETWEED,,
Herbicide,Corn,"CARROT, WILD",,
Herbicide,Soybeans,"CARROT, WILD",,
Herbicide,Corn,CASTORBEAN,,
Herbicide,Corn,CATCHFLY,,
Herbicide,Soybeans,CATCHFLY,,
Herbicide,Soybeans,CATNIP,,
Herbicide,Corn,CATSEAR,,
Herbicide,Soybeans,CATSEAR,,
Herbicide,Corn,CATTAIL,,
Herbicide,Soybeans,CATTAIL,,
Herbicide,Corn,CEDAR,,
Herbicide,Soybeans,CEDAR,,
Herbicide,Corn,"CELERY, WILD",,
Herbicide,Soybeans,"CELERY, WILD",,
Herbicide,Corn,CENTIPEDEGRASS,,
Herbicide,Soybeans,CENTIPEDEGRASS,,
Herbicide,Corn,"CEREAL, VOLUNTEER",,
Herbicide,Soybeans,"CEREAL, VOLUNTEER",,
Herbicide,Corn,CHAMOMILE,,
Herbicide,Corn,"CHAMOMILE, CORN",,
Herbicide,Soybeans,"CHAMOMILE, CORN",,
Herbicide,Corn,"CHAMOMILE, FALSE",,
Herbicide,Soybeans,"CHAMOMILE, FALSE",,
Herbicide,Corn,CHARA,,
Herbicide,Corn,CHEAT,,
Herbicide,Soybeans,CHEAT,,
Herbicide,Corn,CHICKWEED,,
Herbicide,Soybeans,CHICKWEED,,
Herbicide,Corn,"CHICKWEED, MOUSEEAR",,
Herbicide,Soybeans,"CHICKWEED, MOUSEEAR",,
Herbicide,Corn,CHICORY,,
Herbicide,Soybeans,CHICORY,,
Herbicide,Soybeans,CHINABERRY,,
Herbicide,Corn,CHOLLA,,
Herbicide,Soybeans,CHOLLA,,
Herbicide,Corn,CHRISTMASBERRY,,
Herbicide,Soybeans,CHRISTMASBERRY,,
Herbicide,Corn,"CHRYSTHANTHEMUM, COSTMARY",,
Herbicide,Corn,CINQUEFOIL,,
Herbicide,Corn,"CINQUEFOIL, SHRUBBY",,
Herbicide,Soybeans,"CINQUEFOIL, SHRUBBY",,
Herbicide,Corn,"CINQUEFOIL, SULFUR",,
Herbicide,Corn,CITRONMELON,,
Herbicide,Soybeans,CITRONMELON,,
Herbicide,Corn,CLOVER,,Trifolium
Herbicide,Soybeans,CLOVER,,
Herbicide,Corn,"CLOVER, BUFFALO",,
Herbicide,Soybeans,"CLOVER, BUFFALO",,
Herbicide,Corn,"CLOVER, CRIMSON",,
Herbicide,Soybeans,"CLOVER, CRIMSON",,
Herbicide,Corn,"CLOVER, RED",,
Herbicide,Soybeans,"CLOVER, RED",,
Herbicide,Corn,"CLOVER, WHITE",,
Herbicide,Soybeans,"CLOVER, WHITE",,
Herbicide,Corn,"COCKLE, CORN",,
Herbicide,Soybeans,"COCKLE, CORN",,
Herbicide,Corn,COCKLEBUR,,Xanthium
Herbicide,Soybeans,COCKLEBUR,,
Herbicide,Corn,"COCKLEBUR, SPINY",,
Herbicide,Soybeans,"COCKLEBUR, SPINY",,
Herbicide,Corn,COGONGRASS,,
Herbicide,Corn,"CONEFLOWER, PRAIRIE",,
Herbicide,Corn,COPPERLEAF,,
Herbicide,Soybeans,COPPERLEAF,,
Herbicide,Corn,"COPPERLEAF, HOPHORNBEAM",,
Herbicide,Soybeans,"COPPERLEAF, HOPHORNBEAM",,
Herbicide,Corn,"COPPERLEAF, VIRGINIA",,
Herbicide,Soybeans,"COPPERLEAF, VIRGINIA",,
Herbicide,Corn,COPPERWEED,,
Herbicide,Soybeans,COPPERWEED,,
Herbicide,Corn,"COREOPSIS, PLAINS",,
Herbicide,Soybeans,"COREOPSIS, PLAINS",,
Herbicide,Corn,"CORN, VOLUNTEER",,
Herbicide,Soybeans,"CORN, VOLUNTEER",,
Herbicide,Corn,CORNFLOWER,,
Herbicide,Soybeans,CORNFLOWER,,
Herbicide,Corn,"COTTON, VOLUNTEER",,
Herbicide,Soybeans,"COTTON, VOLUNTEER",,
Herbicide,Corn,COWCOCKLE,,
Herbicide,Soybeans,COWCOCKLE,,
Herbicide,Corn,COWPEA,,
Herbicide,Soybeans,COWPEA,,
Herbicide,Corn,CRABGRASS,,Digitaria
Herbicide,Soybeans,CRABGRASS,,
Herbicide,Corn,"CRABGRASS, HAIRY",,
Herbicide,Soybeans,"CRABGRASS, HAIRY",,
Herbicide,Corn,"CRABGRASS, SMOOTH",,
Herbicide,Soybeans,"CRABGRASS, SMOOTH",,
Herbicide,Corn,"CRAZYWEED, LAMBERT",,
Herbicide,Soybeans,"CRAZYWEED, LAMBERT",,
Herbicide,Corn,CREEPER,,
Herbicide,Soybeans,CREEPER,,
Herbicide,Corn,"CRESS, HOARY",,
Herbicide,Soybeans,"CRESS, HOARY",,
Herbicide,Corn,"CROP, VOLUNTEER",,
Herbicide,Soybeans,"CROP, VOLUNTEER",,
Herbicide,Corn,CROTON,,
Herbicide,Soybeans,CROTON,,
Herbicide,Corn,"CROTON, TROPIC",,
Herbicide,Soybeans,"CROTON, TROPIC",,
Herbicide,Corn,"CROTON, WOOLLY",,
Herbicide,Soybeans,"CROTON, WOOLLY",,
Herbicide,Corn,CROWFOOTGRASS,,
Herbicide,Soybeans,CROWFOOTGRASS,,
Herbicide,Corn,CROWNBEARD,,
Herbicide,Soybeans,CROWNBEARD,,
Herbicide,Corn,CROWNVETCH,,
Herbicide,Corn,"CUCUMBER, WILD",,Cucumis
Herbicide,Soybeans,"CUCUMBER, WILD",,
Herbicide,Corn,CUDWEED,,
Herbicide,Soybeans,CUDWEED,,
Herbicide,Corn,"CUDWEED, PURPLE",,
Herbicide,Soybeans,"CUDWEED, PURPLE",,
Herbicide,Corn,CUPGRASS,,
Herbicide,Soybeans,CUPGRASS,,
Herbicide,Corn,"CUPGRASS, PRAIRIE",,
Herbicide,Soybeans,"CUPGRASS, PRAIRIE",,
Herbicide,Corn,"CUPGRASS, WOOLLY",,
Herbicide,Soybeans,"CUPGRASS, WOOLLY",,
Herbicide,Corn,CURLY PONDWEED,,
Herbicide,Soybeans,CURLY PONDWEED,,
Herbicide,Corn,CUTGRASS,,
Herbicide,Soybeans,CUTGRASS,,
Herbicide,Corn,"CUTGRASS, GIANT",,
Herbicide,Soybeans,"CUTGRASS, GIANT",,
Herbicide,Corn,"CUTGRASS, RICE",,
Herbicide,Soybeans,"CUTGRASS, RICE",,
Herbicide,Corn,DAISY,,
Herbicide,Soybeans,DAISY,,
Herbicide,Corn,"DAISY, FIELD",,
Herbicide,Soybeans,"DAISY, FIELD",,
Herbicide,Corn,DALLISGRASS,,
Herbicide,Soybeans,DALLISGRASS,,
Herbicide,Corn,DANDELION,,Taraxacum
Herbicide,Soybeans,DANDELION,,
Herbicide,Corn,DARNEL,,
Herbicide,Soybeans,DARNEL,,
Herbicide,Corn,DAYFLOWER,,
Herbicide,Soybeans,DAYFLOWER,,
Herbicide,Corn,"DAYFLOWER,  ASIATIC",,
Herbicide,Soybeans,"DAYFLOWER,  ASIATIC",,
Herbicide,Corn,"DAYFLOWER, BENGHAL",,
Herbicide,Soybeans,"DAYFLOWER, BENGHAL",,
Herbicide,Corn,"DEADNETTLE, PURPLE",,
Herbicide,Soybeans,"DEADNETTLE, PURPLE",,
Herbicide,Corn,DEVIL'S-CLAW,,
Herbicide,Soybeans,DEVIL'S-CLAW,,
Herbicide,Corn,DEVILS GUT,,
Herbicide,Corn,"DEWBERRY, SOUTHERN",,
Herbicide,Soybeans,"DEWBERRY, SOUTHERN",,
Herbicide,Corn,DICHONDRA,,
Herbicide,Soybeans,DICHONDRA,,
Herbicide,Soybeans,"DITCHGRASS, SPIRAL",,
Herbicide,Corn,DOCK,,
Herbicide,Soybeans,DOCK,,
Herbicide,Corn,"DOCK, CURLY",,Rumex
Herbicide,Soybeans,"DOCK, CURLY",,
Herbicide,Corn,"DOCK, SOUR",,
Herbicide,Soybeans,"DOCK, SOUR",,
Herbicide,Corn,DODDER,,
Herbicide,Soybeans,DODDER,,
Herbicide,Corn,DOGBANE,,
Herbicide,Soybeans,DOGBANE,,
Herbicide,Corn,DOGFENNEL,,
Herbicide,Soybeans,DOGFENNEL,,
Herbicide,Corn,DOGWEED,,
Herbicide,Soybeans,DOGWEED,,
Herbicide,Corn,DOGWOOD,,
Herbicide,Soybeans,DOGWOOD,,
Herbicide,Soybeans,DOLLARWEED,,
Herbicide,Corn,DOVEWEED,,
Herbicide,Soybeans,DOVEWEED,,
Herbicide,Corn,"DRAGONHEAD, AMERICAN",,
Herbicide,Corn,DUCKSALAD,,
Herbicide,Soybeans,DUCKSALAD,,
Herbicide,Corn,DUCKWEED,,
Herbicide,Soybeans,DUCKWEED,,
Herbicide,Corn,ECLIPTA,,
Herbicide,Soybeans,ECLIPTA,,
Herbicide,Corn,ELM,,
Herbicide,Corn,"ELODEA, COMMON WATERWEED",,
Herbicide,Soybeans,"ELODEA, COMMON WATERWEED",,
Herbicide,Corn,EVENINGPRIMROSE,,Oenothera
Herbicide,Soybeans,EVENINGPRIMROSE,,
Herbicide,Corn,"EVERLASTING, PEARLY",,
Herbicide,Corn,FALSE RAGWEED,,
Herbicide,Soybeans,FALSE RAGWEED,,
Herbicide,Corn,FALSEFLAX,,
Herbicide,Soybeans,FALSEFLAX,,
Herbicide,Corn,FERN,,
Herbicide,Corn,FESCUE,,
Herbicide,Soybeans,FESCUE,,
Herbicide,Corn,"FESCUE, RATTAIL",,
Herbicide,Soybeans,"FESCUE, RATTAIL",,
Herbicide,Corn,"FESCUE, RED",,
Herbicide,Soybeans,"FESCUE, RED",,
Herbicide,Corn,"FESCUE, SHEEP",,
Herbicide,Soybeans,"FESCUE, SHEEP",,
Herbicide,Corn,"FESCUE, SIXWEEKS",,
Herbicide,Soybeans,"FESCUE, SIXWEEKS",,
Herbicide,Corn,"FESCUE, TALL",,
Herbicide,Soybeans,"FESCUE, TALL",,
Herbicide,Soybeans,FIDDLENECK,,
Herbicide,Corn,FIELDCRESS,,
Herbicide,Soybeans,FIELDCRESS,,
Herbicide,Corn,FILAREE,,
Herbicide,Corn,"FILAREE, REDSTEM",,
Herbicide,Soybeans,"FILAREE, REDSTEM",,
Herbicide,Corn,"FINGERGRASS, FEATHER",,
Herbicide,Soybeans,"FINGERGRASS, FEATHER",,
Herbicide,Corn,FIRE BUSH,,
Herbicide,Soybeans,FIRE BUSH,,
Herbicide,Corn,FIREWEED,,
Herbicide,Soybeans,FIREWEED,,
Herbicide,Corn,FIREWHEEL,,
Herbicide,Soybeans,FIREWHEEL,,
Herbicide,Corn,"FLATSEDGE, RICEFIELD",,
Herbicide,Corn,"FLAX, VOLUNTEER",,
Herbicide,Soybeans,"FLAX, VOLUNTEER",,
Herbicide,Corn,FLEABANE,,
Herbicide,Soybeans,FLEABANE,,
Herbicide,Corn,"FLEABANE, DAISY",,
Herbicide,Soybeans,"FLEABANE, DAISY",,
Herbicide,Corn,"FLEABANE, HAIRY",,
Herbicide,Soybeans,"FLEABANE, HAIRY",,
Herbicide,Corn,FLIXWEED,,
Herbicide,Soybeans,FLIXWEED,,
Herbicide,Corn,FOGFRUIT,,
Herbicide,Soybeans,FOGFRUIT,,
Herbicide,Corn,FOUR O'CLOCK,,
Herbicide,Corn,FOXTAIL,,Setaria
Herbicide,Soybeans,FOXTAIL,,
Herbicide,Corn,"FOXTAIL, BRISTLY",,
Herbicide,Soybeans,"FOXTAIL, BRISTLY",,
Herbicide,Corn,"FOXTAIL, CAROLINA",,
Herbicide,Soybeans,"FOXTAIL, CAROLINA",,
Herbicide,Corn,"FOXTAIL, GIANT",,Setaria
Herbicide,Soybeans,"FOXTAIL, GIANT",,
Herbicide,Corn,"FOXTAIL, GREEN",,Setaria
Herbicide,Soybeans,"FOXTAIL, GREEN",,
Herbicide,Corn,"FOXTAIL, YELLOW",,
Herbicide,Soybeans,"FOXTAIL, YELLOW",,
Herbicide,Corn,GALINSOGA,,
Herbicide,Soybeans,GALINSOGA,,
Herbicide,Corn,"GALINSOGA, HAIRY",,
Herbicide,Corn,"GALINSOGA, SMALLFLOWER",,
Herbicide,Soybeans,"GALINSOGA, SMALLFLOWER",,
Herbicide,Corn,GALLBERRY,,
Herbicide,Corn,"GARLIC, WILD",,
Herbicide,Soybeans,"GARLIC, WILD",,
Herbicide,Corn,"GERANIUM, CAROLINA",,
Herbicide,Soybeans,"GERANIUM, CAROLINA",,
Herbicide,Corn,"GERANIUM, CUTLEAF",,
Herbicide,Soybeans,"GERANIUM, CUTLEAF",,
Herbicide,Corn,"GERANIUM, DOVEFOOT",,
Herbicide,Soybeans,"GERANIUM, DOVEFOOT",,
Herbicide,Corn,"GHERKIN, WEST INDIAN",,
Herbicide,Soybeans,"GHERKIN, WEST INDIAN",,
Herbicide,Corn,"GOATGRASS, JOINTED",,
Herbicide,Soybeans,"GOATGRASS, JOINTED",,
Herbicide,Corn,GOLDENROD,,
Herbicide,Soybeans,GOLDENROD,,
Herbicide,Corn,"GOLDENROD, CANADA",,
Herbicide,Soybeans,"GOLDENROD, CANADA",,
Herbicide,Soybeans,GOOSEBERRY,,
Herbicide,Corn,GOOSEFOOT,,
Herbicide,Soybeans,GOOSEFOOT,,
Herbicide,Corn,"GOOSEFOOT, NETTLELEAF",,
Herbicide,Corn,GOOSEGRASS,,
Herbicide,Soybeans,GOOSEGRASS,,
Herbicide,Corn,GORSE,,
Herbicide,Soybeans,GORSE,,
Herbicide,Corn,GOURD,,
Herbicide,Soybeans,GOURD,,
Herbicide,Corn,"GRASS, BARLEY",,
Herbicide,Soybeans,"GRASS, BARLEY",,
Herbicide,Corn,"GRASS, CARPET",,
Herbicide,Soybeans,"GRASS, CARPET",,
Herbicide,Corn,"GRASS, EASTERN GAMA",,
Herbicide,Soybeans,"GRASS, EASTERN GAMA",,
Herbicide,Corn,"GRASS, NORTH AFRICA",,
Herbicide,Corn,"GRASS, RABBIT-FOOT",,
Herbicide,Soybeans,"GRASS, RABBIT-FOOT",,
Herbicide,Corn,"GRASS, TIGER",,
Herbicide,Soybeans,"GRASS, TIGER",,
Herbicide,Corn,"GRASS, TUMBLE WINDMILL",,
Herbicide,Soybeans,"GRASS, TUMBLE WINDMILL",,
Herbicide,Corn,"GRASSES, ALL",,
Herbicide,Soybeans,"GRASSES, ALL",,
Herbicide,Corn,"GRASSES, ANNUAL",,
Herbicide,Soybeans,"GRASSES, ANNUAL",,
Herbicide,Corn,"GRASSES, PERENNIAL",,
Herbicide,Soybeans,"GRASSES, PERENNIAL",,
Herbicide,Corn,GREASEWOOD,,
Herbicide,Corn,GREENBRIAR,,
Herbicide,Soybeans,GREENBRIAR,,
Herbicide,Corn,GROMWELL,,
Herbicide,Soybeans,GROMWELL,,
Herbicide,Corn,"GROMWELL, CORN",,
Herbicide,Soybeans,"GROMWELL, CORN",,
Herbicide,Corn,GROUNDCHERRY,,
Herbicide,Soybeans,GROUNDCHERRY,,
Herbicide,Corn,GROUNDSEL,,
Herbicide,Soybeans,GROUNDSEL,,
Herbicide,Corn,GUINEAGRASS,,
Herbicide,Soybeans,GUINEAGRASS,,
Herbicide,Corn,GUMWEED,,
Herbicide,Soybeans,GUMWEED,,
Herbicide,Corn,HACKBERRY,,
Herbicide,Soybeans,HAWKSBEARD,,
Herbicide,Soybeans,"HAWKSBEARD, NARROWLEAF",,
Herbicide,Corn,HAWKWEED,,
Herbicide,Soybeans,HAWKWEED,,
Herbicide,Corn,"HAWKWEED, YELLOW",,
Herbicide,Soybeans,"HAWKWEED, YELLOW",,
Herbicide,Corn,HAWTHORN,,
Herbicide,Soybeans,HAWTHORN,,
Herbicide,Soybeans,HEDGEMUSTARD,,
Herbicide,Corn,"HEDGENETTLE, WOOLLY",,
Herbicide,Soybeans,"HEDGENETTLE, WOOLLY",,
Herbicide,Corn,HEMPNETTLE,,
Herbicide,Soybeans,HEMPNETTLE,,
Herbicide,Corn,"HEMPVINE, CLIMBING",,
Herbicide,Soybeans,"HEMPVINE, CLIMBING",,
Herbicide,Corn,"HENBANE, BLACK",,
Herbicide,Soybeans,"HENBANE, BLACK",,
Herbicide,Corn,HENBIT,,
Herbicide,Soybeans,HENBIT,,
Herbicide,Corn,HONEYLOCUST,,
Herbicide,Corn,HONEYSUCKLE,,
Herbicide,Soybeans,HONEYSUCKLE,,
Herbicide,Corn,HONEYVINE,,
Herbicide,Soybeans,HONEYVINE,,
Herbicide,Soybeans,HORNPOPPY,,
Herbicide,Corn,HORSEMINT,,
Herbicide,Soybeans,HORSEMINT,,
Herbicide,Corn,HORSENETTLE,,
Herbicide,Soybeans,HORSENETTLE,,
Herbicide,Corn,"HORSENETTLE, WESTERN",,
Herbicide,Corn,HORSETAIL,,
Herbicide,Soybeans,HORSETAIL,,
Herbicide,Corn,HORSEWEED,,
Herbicide,Soybeans,HORSEWEED,,
Herbicide,Corn,HOUNDSTONGUE,,
Herbicide,Corn,HUCKLEBERRY,,
Herbicide,Soybeans,HUCKLEBERRY,,
Herbicide,Corn,HYDRILLA,,
Herbicide,Soybeans,HYDRILLA,,
Herbicide,Corn,"HYSSOP, CAROLINA WATER",,
Herbicide,Soybeans,"HYSSOP, CAROLINA WATER",,
Herbicide,Soybeans,INCREASE SUGAR,,
Herbicide,Corn,INDIANGRASS,,
Herbicide,Corn,INDIGO,,
Herbicide,Soybeans,INDIGO,,
Herbicide,Corn,"INDIGO, HAIRY",,
Herbicide,Corn,IRIS,,
Herbicide,Soybeans,IRIS,,
Herbicide,Corn,IRONWEED,,
Herbicide,Soybeans,IRONWEED,,
Herbicide,Corn,ITCHGRASS,,
Herbicide,Soybeans,ITCHGRASS,,
Herbicide,Corn,"IVY, GROUND",,
Herbicide,Soybeans,"IVY, GROUND",,
Herbicide,Corn,"JACOB'S-LADDER, BLUE",,
Herbicide,Soybeans,"JACOB'S-LADDER, BLUE",,
Herbicide,Soybeans,"JESSAMINE, CAROLINA",,
Herbicide,Corn,JIMSONWEED,,
Herbicide,Soybeans,JIMSONWEED,,
Herbicide,Corn,JOB'S-TEARS,,
Herbicide,Soybeans,JOB'S-TEARS,,
Herbicide,Corn,JOHNSONGRASS,,
Herbicide,Soybeans,JOHNSONGRASS,,
Herbicide,Corn,"JOINTVETCH, NORTHERN",,
Herbicide,Soybeans,"JOINTVETCH, NORTHERN",,
Herbicide,Corn,JUNGLERICE,,
Herbicide,Corn,JUNIPER,,
Herbicide,Soybeans,JUNIPER,,
Herbicide,Soybeans,KIKUYUGRASS,,
Herbicide,Corn,KNAPWEED,,
Herbicide,Soybeans,KNAPWEED,,
Herbicide,Corn,"KNAPWEED, RUSSIAN",,
Herbicide,Soybeans,"KNAPWEED, RUSSIAN",,
Herbicide,Corn,"KNAPWEED, SPOTTED",,
Herbicide,Soybeans,"KNAPWEED, SPOTTED",,
Herbicide,Corn,KNOTGRASS,,
Herbicide,Soybeans,KNOTGRASS,,
Herbicide,Corn,KNOTWEED,,
Herbicide,Soybeans,KNOTWEED,,
Herbicide,Corn,"KNOTWEED, JAPANESE",,
Herbicide,Soybeans,"KNOTWEED, JAPANESE",,
Herbicide,Soybeans,"KNOTWEED, PROSTRATE",,
Herbicide,Corn,KOCHIA,,
Herbicide,Soybeans,KOCHIA,,
Herbicide,Corn,KUDZU,,
Herbicide,Soybeans,KUDZU,,
Herbicide,Corn,"KYLLINGA, GREEN",,
Herbicide,Corn,LADYSTHUMB,,
Herbicide,Corn,LAMBSQUARTERS,,Chenopodium
Herbicide,Soybeans,LAMBSQUARTERS,,
Herbicide,Corn,LANTANA,,
Herbicide,Soybeans,LANTANA,,
Herbicide,Corn,LARKSPUR,,
Herbicide,Soybeans,LARKSPUR,,
Herbicide,Corn,LEADPLANT,,
Herbicide,Corn,LESPEDEZA,,
Herbicide,Soybeans,LESPEDEZA,,
Herbicide,Corn,"LETTUCE, BLUE",,
Herbicide,Soybeans,"LETTUCE, BLUE",,
Herbicide,Corn,"LETTUCE, INDIAN",,
Herbicide,Soybeans,"LETTUCE, INDIAN",,
Herbicide,Corn,"LETTUCE, PRICKLY",,
Herbicide,Soybeans,"LETTUCE, PRICKLY",,
Herbicide,Corn,"LETTUCE, TALL",,
Herbicide,Soybeans,"LETTUCE, TALL",,
Herbicide,Corn,LILY,,
Herbicide,Soybeans,LILY,,
Herbicide,Corn,"LOCO, WOOLLY",,
Herbicide,Soybeans,"LOCO, WOOLLY",,
Herbicide,Soybeans,"LOCO, WOOTON",,
Herbicide,Corn,LOCUST,,
Herbicide,Soybeans,LOCUST,,
Herbicide,Corn,"LOOSESTRIFE, PURPLE",,
Herbicide,Corn,LOVEGRASS,,
Herbicide,Soybeans,LOVEGRASS,,
Herbicide,Corn,LUPINE,,
Herbicide,Soybeans,LUPINE,,
Herbicide,Corn,MAIDENCANE,,
Herbicide,Soybeans,MAIDENCANE,,
Herbicide,Corn,"MALLOW, COMMON",,
Herbicide,Soybeans,"MALLOW, COMMON",,
Herbicide,Corn,"MALLOW, LITTLE",,
Herbicide,Corn,"MALLOW, VENICE",,
Herbicide,Soybeans,"MALLOW, VENICE",,
Herbicide,Corn,MANNAGRASS,,
Herbicide,Soybeans,MANNAGRASS,,
Herbicide,Corn,"MANNAGRASS, RATTLESNAKE",,
Herbicide,Soybeans,"MANNAGRASS, RATTLESNAKE",,
Herbicide,Corn,MARESTAIL,,Conyza
Herbicide,Soybeans,MARESTAIL,,
Herbicide,Corn,"MARIGOLD, DWARF",,
Herbicide,Soybeans,"MARIGOLD, DWARF",,
Herbicide,Corn,"MARIGOLD, WILD",,
Herbicide,Soybeans,"MARIGOLD, WILD",,
Herbicide,Corn,MARIJUANA,,
Herbicide,Soybeans,MARIJUANA,,
Herbicide,Soybeans,MARSH GRASS,,
Herbicide,Corn,MARSHELDER,,
Herbicide,Soybeans,MARSHELDER,,
Herbicide,Corn,MAYFLOWER,,
Herbicide,Soybeans,MAYFLOWER,,
Herbicide,Soybeans,"MEDIC, BLACK",,
Herbicide,Soybeans,MEDUSAHEAD,,
Herbicide,Corn,MESQUITE,,
Herbicide,Soybeans,MESQUITE,,
Herbicide,Corn,MEXICANWEED,,
Herbicide,Soybeans,MEXICANWEED,,
Herbicide,Corn,MILKVETCH,,
Herbicide,Soybeans,MILKVINE,,
Herbicide,Corn,MILKWEED,,Asclepias
Herbicide,Soybeans,MILKWEED,,
Herbicide,Corn,"MILLET, BROWNTOP",,
Herbicide,Soybeans,"MILLET, BROWNTOP",,
Herbicide,Corn,"MILLET, FOXTAIL",,
Herbicide,Soybeans,"MILLET, FOXTAIL",,
Herbicide,Soybeans,"MILLET, JAPANESE",,
Herbicide,Corn,"MILLET, WILD-PROSO",,
Herbicide,Soybeans,"MILLET, WILD-PROSO",,
Herbicide,Corn,MINT,,
Herbicide,Soybeans,MINT,,
Herbicide,Soybeans,"MOLD, WHITE",,
Herbicide,Corn,MONEYWORT,,
Herbicide,Soybeans,MONEYWORT,,
Herbicide,Soybeans,"MOONFLOWER, PURPLE",,
Herbicide,Corn,MORNINGGLORY,,Ipomoea
Herbicide,Soybeans,MORNINGGLORY,,
Herbicide,Corn,"MORNINGGLORY, BIGROOT",,
Herbicide,Soybeans,"MORNINGGLORY, BIGROOT",,
Herbicide,Corn,"MORNINGGLORY, IVYLEAF",,
Herbicide,Soybeans,"MORNINGGLORY, IVYLEAF",,
Herbicide,Corn,MOSS,,
Herbicide,Soybeans,MOSS,,
Herbicide,Corn,"MOSS, SPANISH",,
Herbicide,Soybeans,"MOSS, SPANISH",,
Herbicide,Corn,MUGWORT,,
Herbicide,Soybeans,MUGWORT,,
Herbicide,Corn,"MUHLY, WIRESTEM",,
Herbicide,Soybeans,"MUHLY, WIRESTEM",,
Herbicide,Corn,MULBERRY,,
Herbicide,Soybeans,MULBERRY,,
Herbicide,Corn,MULLEIN,,
Herbicide,Soybeans,MULLEIN,,
Herbicide,Corn,"MULLEIN, TURKEY",,
Herbicide,Soybeans,"MULLEIN, TURKEY",,
Herbicide,Corn,"MUSTARD, BLACK",,
Herbicide,Soybeans,"MUSTARD, BLACK",,
Herbicide,Corn,"MUSTARD, BLUE",,
Herbicide,Soybeans,"MUSTARD, BLUE",,
Herbicide,Corn,"MUSTARD, HILL",,
Herbicide,Soybeans,"MUSTARD, HILL",,
Herbicide,Corn,"MUSTARD, TUMBLE",,
Herbicide,Soybeans,"MUSTARD, TUMBLE",,
Herbicide,Corn,"MUSTARD, WALLFLOWER",,
Herbicide,Soybeans,"MUSTARD, WALLFLOWER",,
Herbicide,Corn,"MUSTARD, WILD",,
Herbicide,Soybeans,"MUSTARD, WILD",,
Herbicide,Corn,"MUSTARD, YELLOW",,
Herbicide,Soybeans,"MUSTARD, YELLOW",,
Herbicide,Corn,NAIAD,,
Herbicide,Soybeans,NAIAD,,
Herbicide,Corn,NAPIERGRASS,,
Herbicide,Soybeans,NAPIERGRASS,,
Herbicide,Corn,NEEDLEGRASS,,
Herbicide,Soybeans,NEEDLEGRASS,,
Herbicide,Corn,NETTLE,,
Herbicide,Soybeans,NETTLE,,
Herbicide,Corn,"NETTLE, BURNING",,
Herbicide,Soybeans,"NETTLE, BURNING",,
Herbicide,Corn,"NETTLE, STINGING",,
Herbicide,Soybeans,"NETTLE, STINGING",,
Herbicide,Corn,"NIGHTSHADE,  AMERICAN BLACK",,
Herbicide,Soybeans,"NIGHTSHADE,  AMERICAN BLACK",,
Herbicide,Corn,"NIGHTSHADE, BLACK",,Solanum
Herbicide,Soybeans,"NIGHTSHADE, BLACK",,
Herbicide,Corn,"NIGHTSHADE, CUTLEAF",,
Herbicide,Soybeans,"NIGHTSHADE, CUTLEAF",,
Herbicide,Corn,"NIGHTSHADE, EASTERN BLACK",,
Herbicide,Soybeans,"NIGHTSHADE, EASTERN BLACK",,
Herbicide,Corn,"NIGHTSHADE, HAIRY",,
Herbicide,Soybeans,"NIGHTSHADE, HAIRY",,
Herbicide,Corn,"NIGHTSHADE, PURPLE",,
Herbicide,Soybeans,"NIGHTSHADE, PURPLE",,
Herbicide,Corn,"NIGHTSHADE, SILVERLEAF",,
Herbicide,Soybeans,"NIGHTSHADE, SILVERLEAF",,
Herbicide,Corn,NIMBLEWILL,,
Herbicide,Soybeans,NIMBLEWILL,,
Herbicide,Corn,No Answer Weed,,
Herbicide,Soybeans,No Answer Weed,,
Herbicide,Corn,NUTSEDGE,,
Herbicide,Soybeans,NUTSEDGE,,
Herbicide,Corn,"NUTSEDGE, PURPLE",,
Herbicide,Soybeans,"NUTSEDGE, PURPLE",,
Herbicide,Corn,"NUTSEDGE, YELLOW",,
Herbicide,Soybeans,"NUTSEDGE, YELLOW",,
Herbicide,Corn,OAK,,
Herbicide,Soybeans,OAK,,
Herbicide,Corn,"OAK, POST",,
Herbicide,Soybeans,"OAK, POST",,
Herbicide,Corn,"OAK, SHINNERY",,
Herbicide,Corn,"OAT, VOLUNTEER",,
Herbicide,Soybeans,"OAT, VOLUNTEER",,
Herbicide,Corn,"OAT, WILD",,
Herbicide,Soybeans,"OAT, WILD",,
Herbicide,Corn,"OLIVE, RUSSIAN",,
Herbicide,Corn,"ONION, WILD",,
Herbicide,Soybeans,"ONION, WILD",,
Herbicide,Corn,ONIONGRASS,,
Herbicide,Soybeans,ONIONGRASS,,
Herbicide,Corn,ORCHARDGRASS,,
Herbicide,Soybeans,ORCHARDGRASS,,
Herbicide,Corn,OSAGE-ORANGE,,
Herbicide,Soybeans,OSAGE-ORANGE,,
Herbicide,Corn,OXALIS,,
Herbicide,Soybeans,OXALIS,,
Herbicide,Soybeans,"OXTONGUE, BRISTLY",,
Herbicide,Corn,PALMGRASS,,
Herbicide,Soybeans,PALMGRASS,,
Herbicide,Corn,PANICUM,,
Herbicide,Soybeans,PANICUM,,
Herbicide,Corn,"PANICUM, BROWNTOP",,
Herbicide,Soybeans,"PANICUM, BROWNTOP",,
Herbicide,Corn,"PANICUM, FALL",,
Herbicide,Soybeans,"PANICUM, FALL",,
Herbicide,Corn,"PANICUM, TEXAS",,
Herbicide,Soybeans,"PANICUM, TEXAS",,
Herbicide,Corn,PARAGRASS,,
Herbicide,Soybeans,PARAGRASS,,
Herbicide,Corn,PARSLEY,,
Herbicide,Soybeans,PARSLEY,,
Herbicide,Corn,"PARSLEY, SPRING",,
Herbicide,Soybeans,"PARSLEY, SPRING",,
Herbicide,Soybeans,"PARSNIP, WILD",,
Herbicide,Corn,PARTRIDGEPEA,,
Herbicide,Soybeans,PARTRIDGEPEA,,
Herbicide,Corn,"PASPALUM, BULL",,
Herbicide,Soybeans,"PASPALUM, BULL",,
Herbicide,Corn,"PASPALUM, SOUR",,
Herbicide,Soybeans,"PASPALUM, SOUR",,
Herbicide,Corn,"PASPALUM, WATER",,
Herbicide,Soybeans,"PASPALUM, WATER",,
Herbicide,Soybeans,"PASSIONFLOWER, MAYPOP",,
Herbicide,Corn,"PEANUTS, VOLUNTEER",,
Herbicide,Soybeans,"PEANUTS, VOLUNTEER",,
Herbicide,Corn,PEAVINE,,
Herbicide,Soybeans,PEAVINE,,
Herbicide,Corn,PENNYCRESS,,
Herbicide,Soybeans,PENNYCRESS,,
Herbicide,Corn,"PENNYCRESS, FIELD",,
Herbicide,Soybeans,"PENNYCRESS, FIELD",,
Herbicide,Corn,PENNYWORT,,
Herbicide,Corn,PEPPERWEED,,
Herbicide,Soybeans,PEPPERWEED,,
Herbicide,Corn,"PEPPERWEED, PERENNIAL",,
Herbicide,Soybeans,"PEPPERWEED, PERENNIAL",,
Herbicide,Corn,PERIWINKLE,,
Herbicide,Soybeans,PERIWINKLE,,
Herbicide,Corn,PERSIMMON,,
Herbicide,Soybeans,PERSIMMON,,
Herbicide,Corn,PICKERELWEED,,
Herbicide,Soybeans,PICKERELWEED,,
Herbicide,Corn,"PICKERELWEED, HEARTSHAPE FALSE",,
Herbicide,Soybeans,"PICKERELWEED, HEARTSHAPE FALSE",,
Herbicide,Corn,"PIGWEED, REDROOT",,Amaranthus
Herbicide,Soybeans,"PIGWEED, REDROOT",,
Herbicide,Corn,"PIGWEED, SMOOTH",,
Herbicide,Soybeans,"PIGWEED, SMOOTH",,
Herbicide,Corn,"PIGWEED, TUMBLE",,
Herbicide,Soybeans,"PIGWEED, TUMBLE",,
Herbicide,Corn,PINEAPPLE-WEED,,
Herbicide,Soybeans,PINEAPPLE-WEED,,
Herbicide,Corn,PINKROOT,,
Herbicide,Soybeans,PINKROOT,,
Herbicide,Corn,PLANTAIN,,
Herbicide,Soybeans,PLANTAIN,,
Herbicide,Corn,"PLANTAIN, BROADLEAF",,
Herbicide,Soybeans,"PLANTAIN, BROADLEAF",,
Herbicide,Corn,"PLANTAIN, BUCKHORN",,
Herbicide,Soybeans,"PLANTAIN, BUCKHORN",,
Herbicide,Corn,"PLUM, AMERICAN",,
Herbicide,Soybeans,"PLUM, AMERICAN",,
Herbicide,Corn,"PLUM, SAND",,
Herbicide,Soybeans,"PLUM, SAND",,
Herbicide,Corn,"POINSETTIA, WILD",,
Herbicide,Soybeans,"POINSETTIA, WILD",,
Herbicide,Corn,POISON-HEMLOCK,,
Herbicide,Soybeans,POISON-HEMLOCK,,
Herbicide,Corn,POISON-IVY,,
Herbicide,Soybeans,POISON-IVY,,
Herbicide,Corn,POISON-OAK,,
Herbicide,Corn,POKEWEED,,
Herbicide,Soybeans,POKEWEED,,
Herbicide,Corn,PONDWEED,,
Herbicide,Soybeans,PONDWEED,,
Herbicide,Corn,POORJOE,,
Herbicide,Soybeans,POORJOE,,
Herbicide,Corn,"POPPY, FIELD",,
Herbicide,Soybeans,"POPPY, FIELD",,
Herbicide,Corn,"POTATO, VOLUNTEER",,
Herbicide,Soybeans,"POTATO, VOLUNTEER",,
Herbicide,Corn,POVERTYWEED,,
Herbicide,Soybeans,POVERTYWEED,,
Herbicide,Corn,PRICKLYPEAR,,
Herbicide,Soybeans,PRICKLYPEAR,,
Herbicide,Corn,PUNCTUREVINE,,
Herbicide,Soybeans,PUNCTUREVINE,,
Herbicide,Corn,PURPLETOP,,
Herbicide,Soybeans,PURPLETOP,,
Herbicide,Corn,PURSLANE,,
Herbicide,Soybeans,PURSLANE,,
Herbicide,Corn,"PUSLEY, FLORIDA",,
Herbicide,Soybeans,"PUSLEY, FLORIDA",,
Herbicide,Corn,QUACKGRASS,,
Herbicide,Soybeans,QUACKGRASS,,
Herbicide,Corn,RABBITBRUSH,,
Herbicide,Soybeans,RABBITBRUSH,,
Herbicide,Corn,"RADISH, WILD",,
Herbicide,Soybeans,"RADISH, WILD",,
Herbicide,Corn,RAGWEED,,Ambrosia
Herbicide,Soybeans,RAGWEED,,
Herbicide,Corn,"RAGWEED, BURR",,
Herbicide,Soybeans,"RAGWEED, BURR",,
Herbicide,Corn,"RAGWEED, GIANT",,Ambrosia
Herbicide,Soybeans,"RAGWEED, GIANT",,
Herbicide,Corn,"RAGWEED, LANCELEAF",,
Herbicide,Soybeans,"RAGWEED, LANCELEAF",,
Herbicide,Corn,"RAGWEED, WESTERN",,
Herbicide,Soybeans,"RAGWEED, WESTERN",,
Herbicide,Corn,"RAGWORT, TANSY",,
Herbicide,Soybeans,"RAGWORT, TANSY",,
Herbicide,Corn,"RAPE, VOLUNTEER",,
Herbicide,Soybeans,"RAPE, VOLUNTEER",,
Herbicide,Corn,RATTLEWEED,,
Herbicide,Soybeans,RATTLEWEED,,
Herbicide,Corn,RED-MAIDS,,
Herbicide,Corn,REDSHANK,,
Herbicide,Soybeans,REDSHANK,,
Herbicide,Corn,REDSTEM,,
Herbicide,Soybeans,REDSTEM,,
Herbicide,Corn,REDTOP,,
Herbicide,Soybeans,REDTOP,,
Herbicide,Corn,REDVINE,,
Herbicide,Soybeans,REDVINE,,
Herbicide,Corn,REDWEED,,
Herbicide,Soybeans,REDWEED,,
Herbicide,Corn,RESCUEGRASS,,
Herbicide,Soybeans,RESCUEGRASS,,
Herbicide,Corn,"RICE, RED",,
Herbicide,Soybeans,"RICE, RED",,
Herbicide,Corn,RICHWEED,,
Herbicide,Soybeans,RICHWEED,,
Herbicide,Corn,"ROCKET, LONDON",,
Herbicide,Soybeans,"ROCKET, LONDON",,
Herbicide,Corn,"ROCKET, YELLOW",,
Herbicide,Soybeans,"ROCKET, YELLOW",,
Herbicide,Corn,"ROSE, CHEROKEE",,
Herbicide,Soybeans,"ROSE, CHEROKEE",,
Herbicide,Corn,"ROSE, MACARTNEY",,
Herbicide,Soybeans,"ROSE, MACARTNEY",,
Herbicide,Corn,"ROSE, MULTIFLORA",,
Herbicide,Soybeans,"ROSE, MULTIFLORA",,
Herbicide,Corn,RUSH,,
Herbicide,Soybeans,RUSH,,
Herbicide,Corn,RYEGRASS,,
Herbicide,Soybeans,RYEGRASS,,
Herbicide,Corn,SAGE,,
Herbicide,Soybeans,SAGE,,
Herbicide,Corn,"SAGE, LANCELEAF",,
Herbicide,Soybeans,"SAGE, LANCELEAF",,
Herbicide,Corn,SAGEBRUSH,,
Herbicide,Corn,SALTCEDAR,,
Herbicide,Soybeans,SALTCEDAR,,
Herbicide,Corn,SALTGRASS,,
Herbicide,Soybeans,SALTGRASS,,
Herbicide,Corn,SANDBUR,,
Herbicide,Soybeans,SANDBUR,,
Herbicide,Corn,"SANDWEED, COMMON",,
Herbicide,Corn,SASSAFRAS,,
Herbicide,Corn,SAWGRASS,,
Herbicide,Soybeans,SAWGRASS,,
Herbicide,Soybeans,"SCALESEED, SPREADING",,
Herbicide,Corn,SEDGE,,
Herbicide,Soybeans,SEDGE,,
Herbicide,Corn,"SEDGE, SMALLFLOWER UMBRELLA",,
Herbicide,Soybeans,"SEDGE, SMALLFLOWER UMBRELLA",,
Herbicide,Corn,"SEDGE, WATER",,
Herbicide,Soybeans,"SEDGE, WATER",,
Herbicide,Corn,SEEPWEED,,
Herbicide,Soybeans,SEEPWEED,,
Herbicide,Corn,"SENNA, COFFEE",,
Herbicide,Soybeans,"SENNA, COFFEE",,
Herbicide,Corn,"SESBANIA, HEMP",,
Herbicide,Soybeans,"SESBANIA, HEMP",,
Herbicide,Corn,SHATTERCANE,,
Herbicide,Soybeans,SHATTERCANE,,
Herbicide,Corn,SHEPHERD'S-PURSE,,Capsella
Herbicide,Soybeans,SHEPHERD'S-PURSE,,
Herbicide,Corn,SICKLEGRASS,,
Herbicide,Soybeans,SICKLEGRASS,,
Herbicide,Corn,SICKLEPOD,,
Herbicide,Soybeans,SICKLEPOD,,
Herbicide,Corn,"SIDA, ARROWLEAF",,
Herbicide,Soybeans,"SIDA, ARROWLEAF",,
Herbicide,Corn,"SIDA, PRICKLY",,
Herbicide,Soybeans,"SIDA, PRICKLY",,
Herbicide,Corn,"SIGNALGRASS, BROADLEAF",,
Herbicide,Soybeans,"SIGNALGRASS, BROADLEAF",,
Herbicide,Corn,SKELETONWEED,,
Herbicide,Soybeans,SKELETONWEED,,
Herbicide,Corn,SKUNKWEED,,
Herbicide,Soybeans,SKUNKWEED,,
Herbicide,Corn,SMARTWEED,,
Herbicide,Soybeans,SMARTWEED,,
Herbicide,Corn,"SMARTWEED, PENNSYLVANIA",,
Herbicide,Soybeans,"SMARTWEED, PENNSYLVANIA",,
Herbicide,Corn,"SMARTWEED, SWAMP",,
Herbicide,Soybeans,"SMARTWEED, SWAMP",,
Herbicide,Corn,SMELLMELON,,
Herbicide,Soybeans,SMELLMELON,,
Herbicide,Corn,SMUTGRASS,,
Herbicide,Soybeans,SMUTGRASS,,
Herbicide,Corn,"SNAKEWEED, BROOM",,
Herbicide,Soybeans,"SNAKEWEED, BROOM",,
Herbicide,Corn,"SNEEZEWEED, BITTER",,
Herbicide,Soybeans,"SNEEZEWEED, BITTER",,
Herbicide,Corn,"SODA APPLE, TROPICAL",,
Herbicide,Soybeans,"SODA APPLE, TROPICAL",,
Herbicide,Corn,SORGHUM-ALMUM,,
Herbicide,Corn,"SORGHUM, VOLUNTEER",,
Herbicide,Soybeans,"SORGHUM, VOLUNTEER",,
Herbicide,Corn,"SORREL, RED",,
Herbicide,Corn,SOURGRASS,,
Herbicide,Soybeans,SOURGRASS,,
Herbicide,Corn,SOWTHISTLE,,
Herbicide,Soybeans,SOWTHISTLE,,
Herbicide,Corn,SPANISHNEEDLES,,
Herbicide,Soybeans,SPANISHNEEDLES,,
Herbicide,Corn,SPEEDWELL,,
Herbicide,Soybeans,SPEEDWELL,,
Herbicide,Corn,SPIDERWORT,,
Herbicide,Soybeans,SPIDERWORT,,
Herbicide,Corn,SPIKERUSH,,
Herbicide,Corn,SPIKEWEED,,
Herbicide,Soybeans,SPIKEWEED,,
Herbicide,Corn,SPRANGLETOP,,
Herbicide,Soybeans,SPRANGLETOP,,
Herbicide,Soybeans,SPRING-BEAUTY,,
Herbicide,Corn,SPURGE,,
Herbicide,Soybeans,SPURGE,,
Herbicide,Corn,"SPURGE, CYPRESS",,
Herbicide,Soybeans,"SPURGE, CYPRESS",,
Herbicide,Corn,"SPURGE, LEAFY",,
Herbicide,Soybeans,"SPURGE, LEAFY",,
Herbicide,Corn,"SPURGE, PROSTRATE",,
Herbicide,Soybeans,"SPURGE, PROSTRATE",,
Herbicide,Corn,"SPURGE, SPOTTED",,
Herbicide,Soybeans,"SPURGE, SPOTTED",,
Herbicide,Corn,"SPURGE, TOOTHED",,
Herbicide,Soybeans,"SPURGE, TOOTHED",,
Herbicide,Corn,"SPURRY, CORN",,
Herbicide,Corn,ST. AUGUSTINEGRASS,,
Herbicide,Corn,ST. JOHNSWORT,,
Herbicide,Soybeans,ST. JOHNSWORT,,
Herbicide,Soybeans,STAR OF BETHLEHEM,,
Herbicide,Corn,"STARBUR, BRISTLY",,
Herbicide,Soybeans,"STARBUR, BRISTLY",,
Herbicide,Corn,STARTHISTLE,,
Herbicide,Soybeans,STARTHISTLE,,
Herbicide,Corn,"STARTHISTLE, YELLOW",,
Herbicide,Corn,"STICKTIGHT, EUROPEAN",,
Herbicide,Soybeans,"STICKTIGHT, EUROPEAN",,
Herbicide,Corn,STINKGRASS,,
Herbicide,Soybeans,STINKGRASS,,
Herbicide,Corn,STINKWEED,,
Herbicide,Soybeans,STINKWEED,,
Herbicide,Corn,"SUGAR BEET, VOLUNTEER",,
Herbicide,Soybeans,"SUGAR BEET, VOLUNTEER",,
Herbicide,Corn,SULFONYLUREA RESISTANT WEEDS,,
Herbicide,Soybeans,SULFONYLUREA RESISTANT WEEDS,,
Herbicide,Soybeans,SUMAC,,
Herbicide,Corn,"SUMAC, SMOOTH",,
Herbicide,Soybeans,"SUMAC, SMOOTH",,
Herbicide,Corn,SUMPWEED,,
Herbicide,Soybeans,SUMPWEED,,
Herbicide,Corn,SUNFLOWER,,
Herbicide,Soybeans,SUNFLOWER,,
Herbicide,Corn,"SUNFLOWER, VOLUNTEER",,
Herbicide,Soybeans,"SUNFLOWER, VOLUNTEER",,
Herbicide,Corn,SWEETCLOVER,,
Herbicide,Soybeans,SWEETCLOVER,,
Herbicide,Corn,SWINECRESS,,
Herbicide,Corn,SWITCHGRASS,,
Herbicide,Soybeans,SWITCHGRASS,,
Herbicide,Corn,"TAIL, LIZARD'S",,
Herbicide,Corn,"TALLOWTREE, CHINESE",,
Herbicide,Corn,TALLOWWEED,,
Herbicide,Soybeans,TALLOWWEED,,
Herbicide,Soybeans,TANOAK,,
Herbicide,Corn,TANSY,,
Herbicide,Soybeans,TANSY,,
Herbicide,Corn,TANSYMUSTARD,,
Herbicide,Soybeans,TANSYMUSTARD,,
Herbicide,Corn,"TARO, WILD",,
Herbicide,Soybeans,"TARO, WILD",,
Herbicide,Corn,TARWEED,,
Herbicide,Soybeans,TARWEED,,
Herbicide,Corn,"TEASEL, FULLER'S",,
Herbicide,Soybeans,"TEASEL, FULLER'S",,
Herbicide,Corn,TEXAS BLUEWEED,,
Herbicide,Soybeans,TEXAS BLUEWEED,,
Herbicide,Corn,TEXASWEED,,
Herbicide,Soybeans,TEXASWEED,,
Herbicide,Corn,THISTLE,,
Herbicide,Soybeans,THISTLE,,
Herbicide,Corn,"THISTLE, BULL",,
Herbicide,Soybeans,"THISTLE, BULL",,
Herbicide,Corn,"THISTLE, CANADA",,
Herbicide,Soybeans,"THISTLE, CANADA",,
Herbicide,Corn,"THISTLE, FLODMAN",,
Herbicide,Soybeans,"THISTLE, FLODMAN",,
Herbicide,Corn,"THISTLE, ITALIAN",,
Herbicide,Soybeans,"THISTLE, ITALIAN",,
Herbicide,Corn,"THISTLE, MILK",,
Herbicide,Soybeans,"THISTLE, MILK",,
Herbicide,Corn,"THISTLE, MUSK",,
Herbicide,Soybeans,"THISTLE, MUSK",,
Herbicide,Corn,"THISTLE, PLUMELESS",,
Herbicide,Soybeans,"THISTLE, PLUMELESS",,
Herbicide,Corn,"THISTLE, PRAIRIE",,
Herbicide,Soybeans,"THISTLE, PRAIRIE",,
Herbicide,Corn,"THISTLE, RUSSIAN",,
Herbicide,Soybeans,"THISTLE, RUSSIAN",,
Herbicide,Corn,"THISTLE, SCOTCH",,
Herbicide,Soybeans,"THISTLE, SCOTCH",,
Herbicide,Soybeans,THREEAWN,,
Herbicide,Corn,TICKWEED,,
Herbicide,Soybeans,TICKWEED,,
Herbicide,Corn,TIMOTHY,,
Herbicide,Soybeans,TIMOTHY,,
Herbicide,Soybeans,TOADFLAX,,
Herbicide,Corn,"TOBACCO, WILD",,
Herbicide,Soybeans,"TOBACCO, WILD",,
Herbicide,Corn,TORPEDOGRASS,,
Herbicide,Soybeans,TORPEDOGRASS,,
Herbicide,Corn,TREE,,
Herbicide,Soybeans,TREE,,
Herbicide,Corn,"TREFOIL, BIRDSFOOT",,
Herbicide,Soybeans,"TREFOIL, BIRDSFOOT",,
Herbicide,Corn,TRUMPETCREEPER,,
Herbicide,Soybeans,TRUMPETCREEPER,,
Herbicide,Corn,TUMBLEGRASS,,
Herbicide,Soybeans,TUMBLEGRASS,,
Herbicide,Corn,Unidentified Weed,,
Herbicide,Soybeans,Unidentified Weed,,
Herbicide,Corn,VASEYGRASS,,
Herbicide,Soybeans,VASEYGRASS,,
Herbicide,Corn,"VELVETGRASS, COMMON",,
Herbicide,Soybeans,"VELVETGRASS, COMMON",,
Herbicide,Corn,"VELVETGRASS, GERMAN",,
Herbicide,Soybeans,"VELVETGRASS, GERMAN",,
Herbicide,Corn,VELVETLEAF,,
Herbicide,Soybeans,VELVETLEAF,,
Herbicide,Corn,VELVETWEED,,
Herbicide,Soybeans,VELVETWEED,,
Herbicide,Corn,"VERVAIN, BLUE",,
Herbicide,Soybeans,"VERVAIN, BLUE",,
Herbicide,Corn,VETCH,,
Herbicide,Soybeans,VETCH,,
Herbicide,Corn,"VETCH, HAIRY",,
Herbicide,Soybeans,"VETCH, HAIRY",,
Herbicide,Corn,VINE,,
Herbicide,Soybeans,VINE,,
Herbicide,Corn,"VINE, BLADDER",,
Herbicide,Soybeans,"VINE, BLADDER",,
Herbicide,Corn,"VINE, MILKWEED",,
Herbicide,Soybeans,"VINE, MILKWEED",,
Herbicide,Corn,"VIOLET, FIELD",,
Herbicide,Soybeans,"VIOLET, FIELD",,
Herbicide,Corn,"WATERBUTTONS, AUSTRALIAN",,
Herbicide,Soybeans,"WATERBUTTONS, AUSTRALIAN",,
Herbicide,Corn,WATERCRESS,,
Herbicide,Soybeans,WATERCRESS,,
Herbicide,Corn,WATERGRASS,,
Herbicide,Soybeans,WATERGRASS,,
Herbicide,Corn,WATERHEMLOCK,,
Herbicide,Soybeans,WATERHEMLOCK,,
Herbicide,Corn,"WATERHEMP, COMMON",,
Herbicide,Soybeans,"WATERHEMP, COMMON",,
Herbicide,Corn,"WATERHEMP, TALL",,
Herbicide,Soybeans,"WATERHEMP, TALL",,
Herbicide,Corn,WATERHYACINTH,,
Herbicide,Soybeans,WATERHYACINTH,,
Herbicide,Soybeans,WATERLETTUCE,,
Herbicide,Corn,WATERLILY,,
Herbicide,Corn,WATERMELON,,
Herbicide,Soybeans,WATERMELON,,
Herbicide,Corn,"WATERMILFOIL, EURASIAN",,
Herbicide,Corn,WATERPURSLANE,,
Herbicide,Soybeans,WATERPURSLANE,,
Herbicide,Corn,"WAXMYRTLE, SOUTHERN",,
Herbicide,Soybeans,"WAXMYRTLE, SOUTHERN",,
Herbicide,Corn,WAXWEED,,
Herbicide,Corn,"WEEDS, ANNUAL",,
Herbicide,Soybeans,"WEEDS, ANNUAL",,
Herbicide,Corn,"WEEDS, PERENNIAL",,
Herbicide,Soybeans,"WEEDS, PERENNIAL",,
Herbicide,Corn,"WEEDS, TRIAZINE RESISTANT",,
Herbicide,Soybeans,"WEEDS, TRIAZINE RESISTANT",,
Herbicide,Corn,"WHEAT, VOLUNTEER",,
Herbicide,Soybeans,"WHEAT, VOLUNTEER",,
Herbicide,Corn,WHEATGRASS,,
Herbicide,Soybeans,WHEATGRASS,,
Herbicide,Corn,"WHEATGRASS, CRESTED",,
Herbicide,Soybeans,"WHEATGRASS, CRESTED",,
Herbicide,Soybeans,"WHEATGRASS, WESTERN",,
Herbicide,Corn,WHITETOP,,
Herbicide,Soybeans,WHITETOP,,
Herbicide,Corn,WILDRYE,,
Herbicide,Soybeans,WILDRYE,,
Herbicide,Corn,"WILDRYE, VIRGINIA",,
Herbicide,Corn,WILLOWHERB,,
Herbicide,Soybeans,WILLOWHERB,,
Herbicide,Corn,"WILLOWWEED, PANICLE",,
Herbicide,Soybeans,"WILLOWWEED, PANICLE",,
Herbicide,Corn,WINDGRASS,,
Herbicide,Soybeans,WINDGRASS,,
Herbicide,Corn,WINTER ANNUALS,,
Herbicide,Soybeans,WINTER ANNUALS,,
Herbicide,Corn,"WINTERCRESS, EARLY",,
Herbicide,Soybeans,"WINTERCRESS, EARLY",,
Herbicide,Corn,"WINTERGRASS, TEXAS",,
Herbicide,Soybeans,"WINTERGRASS, TEXAS",,
Herbicide,Corn,"WIREWEED, COMMON",,
Herbicide,Soybeans,"WIREWEED, COMMON",,
Herbicide,Corn,WITCHGRASS,,
Herbicide,Soybeans,WITCHGRASS,,
Herbicide,Corn,WITCHWEED,,
Herbicide,Soybeans,WITCHWEED,,
Herbicide,Corn,"WOAD, DYER'S",,
Herbicide,Soybeans,"WOAD, DYER'S",,
Herbicide,Corn,WOODY BRUSH,,
Herbicide,Soybeans,WOODY BRUSH,,
Herbicide,Corn,WORMWOOD,,
Herbicide,Soybeans,WORMWOOD,,
Herbicide,Soybeans,"WORMWOOD, BIENNIAL",,
Herbicide,Corn,"YAM, AIR",,
Herbicide,Soybeans,"YAM, AIR",,
Herbicide,Soybeans,YANKEEWEED,,
Herbicide,Corn,"YARROW, COMMON",,
Herbicide,Soybeans,"YARROW, COMMON",,
Herbicide,Corn,YUCCA,,
